id,offering_id,subject_code,term,type,title,max_marks,weightage_pct,due_date,status
1,1,24INT151,2026-27-ODD,Term-Work,Term Work Evaluation,100,100,2026-10-01,scheduled
2,2,24MA202T,2026-27-ODD,IA,Internal Assessment,25,25,2026-08-12,graded
3,2,24MA202T,2026-27-ODD,Mid-Sem,Mid Semester Exam,25,25,2026-08-22,graded
4,2,24MA202T,2026-27-ODD,End-Sem,End Semester Exam,100,50,2026-11-27,scheduled
5,3,24CS201T,2026-27-ODD,IA,Internal Assessment,25,25,2026-08-12,graded
6,3,24CS201T,2026-27-ODD,Mid-Sem,Mid Semester Exam,25,25,2026-08-23,graded
7,3,24CS201T,2026-27-ODD,End-Sem,End Semester Exam,100,50,2026-11-21,scheduled
8,4,24CS201P,2026-27-ODD,Mid-Sem-Viva,Mid Semester Viva,25,25,2026-08-22,graded
9,4,24CS201P,2026-27-ODD,Lab-File,Practical Lab File,25,25,2026-09-29,scheduled
10,4,24CS201P,2026-27-ODD,Lab-Exam,End Semester Practical Exam,50,50,2026-10-06,scheduled
11,5,24CS201P,2026-27-ODD,Mid-Sem-Viva,Mid Semester Viva,25,25,2026-08-19,graded
12,5,24CS201P,2026-27-ODD,Lab-File,Practical Lab File,25,25,2026-09-30,scheduled
13,5,24CS201P,2026-27-ODD,Lab-Exam,End Semester Practical Exam,50,50,2026-10-07,scheduled
14,6,24CS202T,2026-27-ODD,IA,Internal Assessment,25,25,2026-08-12,graded
15,6,24CS202T,2026-27-ODD,Mid-Sem,Mid Semester Exam,25,25,2026-08-21,graded
16,6,24CS202T,2026-27-ODD,End-Sem,End Semester Exam,100,50,2026-11-21,scheduled
17,7,24CS203T,2026-27-ODD,IA,Internal Assessment,25,25,2026-08-11,graded
18,7,24CS203T,2026-27-ODD,Mid-Sem,Mid Semester Exam,25,25,2026-08-22,graded
19,7,24CS203T,2026-27-ODD,End-Sem,End Semester Exam,100,50,2026-11-20,scheduled
20,8,24CS203P,2026-27-ODD,Mid-Sem-Viva,Mid Semester Viva,25,25,2026-08-21,graded
21,8,24CS203P,2026-27-ODD,Lab-File,Practical Lab File,25,25,2026-10-01,scheduled
22,8,24CS203P,2026-27-ODD,Lab-Exam,End Semester Practical Exam,50,50,2026-10-08,scheduled
23,9,24CS203P,2026-27-ODD,Mid-Sem-Viva,Mid Semester Viva,25,25,2026-08-18,graded
24,9,24CS203P,2026-27-ODD,Lab-File,Practical Lab File,25,25,2026-10-01,scheduled
25,9,24CS203P,2026-27-ODD,Lab-Exam,End Semester Practical Exam,50,50,2026-10-08,scheduled
26,10,24CS204T,2026-27-ODD,IA,Internal Assessment,25,25,2026-08-15,graded
27,10,24CS204T,2026-27-ODD,Mid-Sem,Mid Semester Exam,25,25,2026-08-22,graded
28,10,24CS204T,2026-27-ODD,End-Sem,End Semester Exam,100,50,2026-11-17,scheduled
29,11,24CS204P,2026-27-ODD,Mid-Sem-Viva,Mid Semester Viva,25,25,2026-08-18,graded
30,11,24CS204P,2026-27-ODD,Lab-File,Practical Lab File,25,25,2026-10-01,scheduled
31,11,24CS204P,2026-27-ODD,Lab-Exam,End Semester Practical Exam,50,50,2026-10-08,scheduled
32,12,24CS204P,2026-27-ODD,Mid-Sem-Viva,Mid Semester Viva,25,25,2026-08-18,graded
33,12,24CS204P,2026-27-ODD,Lab-File,Practical Lab File,25,25,2026-10-03,scheduled
34,12,24CS204P,2026-27-ODD,Lab-Exam,End Semester Practical Exam,50,50,2026-10-10,scheduled
35,13,24HS101T,2026-27-ODD,IA,Internal Assessment,25,25,2026-08-14,graded
36,13,24HS101T,2026-27-ODD,Mid-Sem,Mid Semester Exam,25,25,2026-08-24,graded
37,13,24HS101T,2026-27-ODD,End-Sem,End Semester Exam,100,50,2026-11-27,scheduled
38,14,24MA101T,2026-27-ODD,IA,Internal Assessment,25,25,2026-08-14,graded
39,14,24MA101T,2026-27-ODD,Mid-Sem,Mid Semester Exam,25,25,2026-08-20,graded
40,14,24MA101T,2026-27-ODD,End-Sem,End Semester Exam,100,50,2026-11-23,scheduled
41,15,24PH102T,2026-27-ODD,IA,Internal Assessment,25,25,2026-08-11,graded
42,15,24PH102T,2026-27-ODD,Mid-Sem,Mid Semester Exam,25,25,2026-08-23,graded
43,15,24PH102T,2026-27-ODD,End-Sem,End Semester Exam,100,50,2026-11-19,scheduled
44,16,24PH102P,2026-27-ODD,Mid-Sem-Viva,Mid Semester Viva,25,25,2026-08-21,graded
45,16,24PH102P,2026-27-ODD,Lab-File,Practical Lab File,25,25,2026-10-02,scheduled
46,16,24PH102P,2026-27-ODD,Lab-Exam,End Semester Practical Exam,50,50,2026-10-09,scheduled
47,17,24PH102P,2026-27-ODD,Mid-Sem-Viva,Mid Semester Viva,25,25,2026-08-21,graded
48,17,24PH102P,2026-27-ODD,Lab-File,Practical Lab File,25,25,2026-09-30,scheduled
49,17,24PH102P,2026-27-ODD,Lab-Exam,End Semester Practical Exam,50,50,2026-10-07,scheduled
50,18,24CV101T,2026-27-ODD,IA,Internal Assessment,25,25,2026-08-13,graded
51,18,24CV101T,2026-27-ODD,Mid-Sem,Mid Semester Exam,25,25,2026-08-24,graded
52,18,24CV101T,2026-27-ODD,End-Sem,End Semester Exam,100,50,2026-11-27,scheduled
53,19,24ME101P,2026-27-ODD,Mid-Sem-Viva,Mid Semester Viva,25,25,2026-08-18,graded
54,19,24ME101P,2026-27-ODD,Lab-File,Practical Lab File,25,25,2026-09-29,scheduled
55,19,24ME101P,2026-27-ODD,Lab-Exam,End Semester Practical Exam,50,50,2026-10-06,scheduled
56,20,24ME101P,2026-27-ODD,Mid-Sem-Viva,Mid Semester Viva,25,25,2026-08-20,graded
57,20,24ME101P,2026-27-ODD,Lab-File,Practical Lab File,25,25,2026-09-29,scheduled
58,20,24ME101P,2026-27-ODD,Lab-Exam,End Semester Practical Exam,50,50,2026-10-06,scheduled
59,21,24ME102P,2026-27-ODD,Mid-Sem-Viva,Mid Semester Viva,25,25,2026-08-18,graded
60,21,24ME102P,2026-27-ODD,Lab-File,Practical Lab File,25,25,2026-10-03,scheduled
61,21,24ME102P,2026-27-ODD,Lab-Exam,End Semester Practical Exam,50,50,2026-10-10,scheduled
62,22,24ME102P,2026-27-ODD,Mid-Sem-Viva,Mid Semester Viva,25,25,2026-08-18,graded
63,22,24ME102P,2026-27-ODD,Lab-File,Practical Lab File,25,25,2026-10-01,scheduled
64,22,24ME102P,2026-27-ODD,Lab-Exam,End Semester Practical Exam,50,50,2026-10-08,scheduled
65,23,24CP101T,2026-27-ODD,IA,Internal Assessment,25,25,2026-08-11,graded
66,23,24CP101T,2026-27-ODD,Mid-Sem,Mid Semester Exam,25,25,2026-08-20,graded
67,23,24CP101T,2026-27-ODD,End-Sem,End Semester Exam,100,50,2026-11-26,scheduled
68,24,24CP101P,2026-27-ODD,Mid-Sem-Viva,Mid Semester Viva,25,25,2026-08-21,graded
69,24,24CP101P,2026-27-ODD,Lab-File,Practical Lab File,25,25,2026-09-29,scheduled
70,24,24CP101P,2026-27-ODD,Lab-Exam,End Semester Practical Exam,50,50,2026-10-06,scheduled
71,25,24CP101P,2026-27-ODD,Mid-Sem-Viva,Mid Semester Viva,25,25,2026-08-20,graded
72,25,24CP101P,2026-27-ODD,Lab-File,Practical Lab File,25,25,2026-10-01,scheduled
73,25,24CP101P,2026-27-ODD,Lab-Exam,End Semester Practical Exam,50,50,2026-10-08,scheduled
74,26,24HS102T,2026-27-ODD,IA,Internal Assessment,25,25,2026-08-13,graded
75,26,24HS102T,2026-27-ODD,Mid-Sem,Mid Semester Exam,25,25,2026-08-20,graded
76,26,24HS102T,2026-27-ODD,End-Sem,End Semester Exam,100,50,2026-11-26,scheduled
77,27,24HS103T,2026-27-ODD,IA,Internal Assessment,25,25,2026-08-12,graded
78,27,24HS103T,2026-27-ODD,Mid-Sem,Mid Semester Exam,25,25,2026-08-20,graded
79,27,24HS103T,2026-27-ODD,End-Sem,End Semester Exam,100,50,2026-11-20,scheduled
80,28,24INT151,2026-27-ODD,Term-Work,Term Work Evaluation,100,100,2026-10-01,scheduled
81,29,24IT201T,2026-27-ODD,IA,Internal Assessment,25,25,2026-08-14,graded
82,29,24IT201T,2026-27-ODD,Mid-Sem,Mid Semester Exam,25,25,2026-08-21,graded
83,29,24IT201T,2026-27-ODD,End-Sem,End Semester Exam,100,50,2026-11-25,scheduled
84,30,24IT202T,2026-27-ODD,IA,Internal Assessment,25,25,2026-08-12,graded
85,30,24IT202T,2026-27-ODD,Mid-Sem,Mid Semester Exam,25,25,2026-08-21,graded
86,30,24IT202T,2026-27-ODD,End-Sem,End Semester Exam,100,50,2026-11-24,scheduled
87,31,24IT202P,2026-27-ODD,Mid-Sem-Viva,Mid Semester Viva,25,25,2026-08-19,graded
88,31,24IT202P,2026-27-ODD,Lab-File,Practical Lab File,25,25,2026-10-03,scheduled
89,31,24IT202P,2026-27-ODD,Lab-Exam,End Semester Practical Exam,50,50,2026-10-10,scheduled
90,32,24IT202P,2026-27-ODD,Mid-Sem-Viva,Mid Semester Viva,25,25,2026-08-22,graded
91,32,24IT202P,2026-27-ODD,Lab-File,Practical Lab File,25,25,2026-10-03,scheduled
92,32,24IT202P,2026-27-ODD,Lab-Exam,End Semester Practical Exam,50,50,2026-10-10,scheduled
93,33,24IT203T,2026-27-ODD,IA,Internal Assessment,25,25,2026-08-14,graded
94,33,24IT203T,2026-27-ODD,Mid-Sem,Mid Semester Exam,25,25,2026-08-21,graded
95,33,24IT203T,2026-27-ODD,End-Sem,End Semester Exam,100,50,2026-11-17,scheduled
96,34,24IT203P,2026-27-ODD,Mid-Sem-Viva,Mid Semester Viva,25,25,2026-08-22,graded
97,34,24IT203P,2026-27-ODD,Lab-File,Practical Lab File,25,25,2026-09-29,scheduled
98,34,24IT203P,2026-27-ODD,Lab-Exam,End Semester Practical Exam,50,50,2026-10-06,scheduled
99,35,24IT203P,2026-27-ODD,Mid-Sem-Viva,Mid Semester Viva,25,25,2026-08-20,graded
100,35,24IT203P,2026-27-ODD,Lab-File,Practical Lab File,25,25,2026-09-29,scheduled
101,35,24IT203P,2026-27-ODD,Lab-Exam,End Semester Practical Exam,50,50,2026-10-06,scheduled
102,36,24IT204T,2026-27-ODD,IA,Internal Assessment,25,25,2026-08-12,graded
103,36,24IT204T,2026-27-ODD,Mid-Sem,Mid Semester Exam,25,25,2026-08-23,graded
104,36,24IT204T,2026-27-ODD,End-Sem,End Semester Exam,100,50,2026-11-26,scheduled
105,37,24IT205T,2026-27-ODD,IA,Internal Assessment,25,25,2026-08-15,graded
106,37,24IT205T,2026-27-ODD,Mid-Sem,Mid Semester Exam,25,25,2026-08-24,graded
107,37,24IT205T,2026-27-ODD,End-Sem,End Semester Exam,100,50,2026-11-21,scheduled
108,38,24MA202T,2026-27-ODD,IA,Internal Assessment,25,25,2026-08-15,graded
109,38,24MA202T,2026-27-ODD,Mid-Sem,Mid Semester Exam,25,25,2026-08-22,graded
110,38,24MA202T,2026-27-ODD,End-Sem,End Semester Exam,100,50,2026-11-27,scheduled
111,39,24HS101T,2026-27-ODD,IA,Internal Assessment,25,25,2026-08-11,graded
112,39,24HS101T,2026-27-ODD,Mid-Sem,Mid Semester Exam,25,25,2026-08-24,graded
113,39,24HS101T,2026-27-ODD,End-Sem,End Semester Exam,100,50,2026-11-27,scheduled
114,40,24MA101T,2026-27-ODD,IA,Internal Assessment,25,25,2026-08-11,graded
115,40,24MA101T,2026-27-ODD,Mid-Sem,Mid Semester Exam,25,25,2026-08-20,graded
116,40,24MA101T,2026-27-ODD,End-Sem,End Semester Exam,100,50,2026-11-23,scheduled
117,41,24PH102T,2026-27-ODD,IA,Internal Assessment,25,25,2026-08-11,graded
118,41,24PH102T,2026-27-ODD,Mid-Sem,Mid Semester Exam,25,25,2026-08-23,graded
119,41,24PH102T,2026-27-ODD,End-Sem,End Semester Exam,100,50,2026-11-19,scheduled
120,42,24PH102P,2026-27-ODD,Mid-Sem-Viva,Mid Semester Viva,25,25,2026-08-18,graded
121,42,24PH102P,2026-27-ODD,Lab-File,Practical Lab File,25,25,2026-10-01,scheduled
122,42,24PH102P,2026-27-ODD,Lab-Exam,End Semester Practical Exam,50,50,2026-10-08,scheduled
123,43,24PH102P,2026-27-ODD,Mid-Sem-Viva,Mid Semester Viva,25,25,2026-08-20,graded
124,43,24PH102P,2026-27-ODD,Lab-File,Practical Lab File,25,25,2026-09-30,scheduled
125,43,24PH102P,2026-27-ODD,Lab-Exam,End Semester Practical Exam,50,50,2026-10-07,scheduled
126,44,24CV101T,2026-27-ODD,IA,Internal Assessment,25,25,2026-08-14,graded
127,44,24CV101T,2026-27-ODD,Mid-Sem,Mid Semester Exam,25,25,2026-08-24,graded
128,44,24CV101T,2026-27-ODD,End-Sem,End Semester Exam,100,50,2026-11-27,scheduled
129,45,24ME101P,2026-27-ODD,Mid-Sem-Viva,Mid Semester Viva,25,25,2026-08-20,graded
130,45,24ME101P,2026-27-ODD,Lab-File,Practical Lab File,25,25,2026-09-30,scheduled
131,45,24ME101P,2026-27-ODD,Lab-Exam,End Semester Practical Exam,50,50,2026-10-07,scheduled
132,46,24ME101P,2026-27-ODD,Mid-Sem-Viva,Mid Semester Viva,25,25,2026-08-22,graded
133,46,24ME101P,2026-27-ODD,Lab-File,Practical Lab File,25,25,2026-09-30,scheduled
134,46,24ME101P,2026-27-ODD,Lab-Exam,End Semester Practical Exam,50,50,2026-10-07,scheduled
135,47,24BT102T,2026-27-ODD,IA,Internal Assessment,25,25,2026-08-13,graded
136,47,24BT102T,2026-27-ODD,Mid-Sem,Mid Semester Exam,25,25,2026-08-22,graded
137,47,24BT102T,2026-27-ODD,End-Sem,End Semester Exam,100,50,2026-11-17,scheduled
138,48,24CP101T,2026-27-ODD,IA,Internal Assessment,25,25,2026-08-11,graded
139,48,24CP101T,2026-27-ODD,Mid-Sem,Mid Semester Exam,25,25,2026-08-20,graded
140,48,24CP101T,2026-27-ODD,End-Sem,End Semester Exam,100,50,2026-11-26,scheduled
141,49,24CP101P,2026-27-ODD,Mid-Sem-Viva,Mid Semester Viva,25,25,2026-08-19,graded
142,49,24CP101P,2026-27-ODD,Lab-File,Practical Lab File,25,25,2026-10-01,scheduled
143,49,24CP101P,2026-27-ODD,Lab-Exam,End Semester Practical Exam,50,50,2026-10-08,scheduled
144,50,24CP101P,2026-27-ODD,Mid-Sem-Viva,Mid Semester Viva,25,25,2026-08-20,graded
145,50,24CP101P,2026-27-ODD,Lab-File,Practical Lab File,25,25,2026-10-03,scheduled
146,50,24CP101P,2026-27-ODD,Lab-Exam,End Semester Practical Exam,50,50,2026-10-10,scheduled
147,51,24HS102T,2026-27-ODD,IA,Internal Assessment,25,25,2026-08-15,graded
148,51,24HS102T,2026-27-ODD,Mid-Sem,Mid Semester Exam,25,25,2026-08-20,graded
149,51,24HS102T,2026-27-ODD,End-Sem,End Semester Exam,100,50,2026-11-26,scheduled
150,52,24HS103T,2026-27-ODD,IA,Internal Assessment,25,25,2026-08-15,graded
151,52,24HS103T,2026-27-ODD,Mid-Sem,Mid Semester Exam,25,25,2026-08-20,graded
152,52,24HS103T,2026-27-ODD,End-Sem,End Semester Exam,100,50,2026-11-20,scheduled
153,53,24INT151,2026-27-ODD,Term-Work,Term Work Evaluation,100,100,2026-10-01,scheduled
154,54,24EC201T,2026-27-ODD,IA,Internal Assessment,25,25,2026-08-15,graded
155,54,24EC201T,2026-27-ODD,Mid-Sem,Mid Semester Exam,25,25,2026-08-24,graded
156,54,24EC201T,2026-27-ODD,End-Sem,End Semester Exam,100,50,2026-11-24,scheduled
157,55,24EC202T,2026-27-ODD,IA,Internal Assessment,25,25,2026-08-12,graded
158,55,24EC202T,2026-27-ODD,Mid-Sem,Mid Semester Exam,25,25,2026-08-20,graded
159,55,24EC202T,2026-27-ODD,End-Sem,End Semester Exam,100,50,2026-11-26,scheduled
160,56,24EC202P,2026-27-ODD,Mid-Sem-Viva,Mid Semester Viva,25,25,2026-08-18,graded
161,56,24EC202P,2026-27-ODD,Lab-File,Practical Lab File,25,25,2026-10-01,scheduled
162,56,24EC202P,2026-27-ODD,Lab-Exam,End Semester Practical Exam,50,50,2026-10-08,scheduled
163,57,24EC202P,2026-27-ODD,Mid-Sem-Viva,Mid Semester Viva,25,25,2026-08-18,graded
164,57,24EC202P,2026-27-ODD,Lab-File,Practical Lab File,25,25,2026-09-29,scheduled
165,57,24EC202P,2026-27-ODD,Lab-Exam,End Semester Practical Exam,50,50,2026-10-06,scheduled
166,58,24EC203T,2026-27-ODD,IA,Internal Assessment,25,25,2026-08-15,graded
167,58,24EC203T,2026-27-ODD,Mid-Sem,Mid Semester Exam,25,25,2026-08-20,graded
168,58,24EC203T,2026-27-ODD,End-Sem,End Semester Exam,100,50,2026-11-22,scheduled
169,59,24EC203P,2026-27-ODD,Mid-Sem-Viva,Mid Semester Viva,25,25,2026-08-18,graded
170,59,24EC203P,2026-27-ODD,Lab-File,Practical Lab File,25,25,2026-10-03,scheduled
171,59,24EC203P,2026-27-ODD,Lab-Exam,End Semester Practical Exam,50,50,2026-10-10,scheduled
172,60,24EC203P,2026-27-ODD,Mid-Sem-Viva,Mid Semester Viva,25,25,2026-08-21,graded
173,60,24EC203P,2026-27-ODD,Lab-File,Practical Lab File,25,25,2026-09-29,scheduled
174,60,24EC203P,2026-27-ODD,Lab-Exam,End Semester Practical Exam,50,50,2026-10-06,scheduled
175,61,24EC204T,2026-27-ODD,IA,Internal Assessment,25,25,2026-08-15,graded
176,61,24EC204T,2026-27-ODD,Mid-Sem,Mid Semester Exam,25,25,2026-08-23,graded
177,61,24EC204T,2026-27-ODD,End-Sem,End Semester Exam,100,50,2026-11-22,scheduled
178,62,24MA201T,2026-27-ODD,IA,Internal Assessment,25,25,2026-08-15,graded
179,62,24MA201T,2026-27-ODD,Mid-Sem,Mid Semester Exam,25,25,2026-08-22,graded
180,62,24MA201T,2026-27-ODD,End-Sem,End Semester Exam,100,50,2026-11-18,scheduled
181,63,24HS101T,2026-27-ODD,IA,Internal Assessment,25,25,2026-08-11,graded
182,63,24HS101T,2026-27-ODD,Mid-Sem,Mid Semester Exam,25,25,2026-08-24,graded
183,63,24HS101T,2026-27-ODD,End-Sem,End Semester Exam,100,50,2026-11-27,scheduled
184,64,24MA101T,2026-27-ODD,IA,Internal Assessment,25,25,2026-08-15,graded
185,64,24MA101T,2026-27-ODD,Mid-Sem,Mid Semester Exam,25,25,2026-08-20,graded
186,64,24MA101T,2026-27-ODD,End-Sem,End Semester Exam,100,50,2026-11-23,scheduled
187,65,24PH101T,2026-27-ODD,IA,Internal Assessment,25,25,2026-08-15,graded
188,65,24PH101T,2026-27-ODD,Mid-Sem,Mid Semester Exam,25,25,2026-08-20,graded
189,65,24PH101T,2026-27-ODD,End-Sem,End Semester Exam,100,50,2026-11-26,scheduled
190,66,24PH101P,2026-27-ODD,Mid-Sem-Viva,Mid Semester Viva,25,25,2026-08-21,graded
191,66,24PH101P,2026-27-ODD,Lab-File,Practical Lab File,25,25,2026-10-01,scheduled
192,66,24PH101P,2026-27-ODD,Lab-Exam,End Semester Practical Exam,50,50,2026-10-08,scheduled
193,67,24PH101P,2026-27-ODD,Mid-Sem-Viva,Mid Semester Viva,25,25,2026-08-19,graded
194,67,24PH101P,2026-27-ODD,Lab-File,Practical Lab File,25,25,2026-10-01,scheduled
195,67,24PH101P,2026-27-ODD,Lab-Exam,End Semester Practical Exam,50,50,2026-10-08,scheduled
196,68,24CV101T,2026-27-ODD,IA,Internal Assessment,25,25,2026-08-13,graded
197,68,24CV101T,2026-27-ODD,Mid-Sem,Mid Semester Exam,25,25,2026-08-24,graded
198,68,24CV101T,2026-27-ODD,End-Sem,End Semester Exam,100,50,2026-11-27,scheduled
199,69,24ME101P,2026-27-ODD,Mid-Sem-Viva,Mid Semester Viva,25,25,2026-08-18,graded
200,69,24ME101P,2026-27-ODD,Lab-File,Practical Lab File,25,25,2026-09-30,scheduled
201,69,24ME101P,2026-27-ODD,Lab-Exam,End Semester Practical Exam,50,50,2026-10-07,scheduled
202,70,24ME101P,2026-27-ODD,Mid-Sem-Viva,Mid Semester Viva,25,25,2026-08-18,graded
203,70,24ME101P,2026-27-ODD,Lab-File,Practical Lab File,25,25,2026-10-03,scheduled
204,70,24ME101P,2026-27-ODD,Lab-Exam,End Semester Practical Exam,50,50,2026-10-10,scheduled
205,71,24BT102T,2026-27-ODD,IA,Internal Assessment,25,25,2026-08-13,graded
206,71,24BT102T,2026-27-ODD,Mid-Sem,Mid Semester Exam,25,25,2026-08-22,graded
207,71,24BT102T,2026-27-ODD,End-Sem,End Semester Exam,100,50,2026-11-17,scheduled
208,72,24CP101T,2026-27-ODD,IA,Internal Assessment,25,25,2026-08-13,graded
209,72,24CP101T,2026-27-ODD,Mid-Sem,Mid Semester Exam,25,25,2026-08-20,graded
210,72,24CP101T,2026-27-ODD,End-Sem,End Semester Exam,100,50,2026-11-26,scheduled
211,73,24CP101P,2026-27-ODD,Mid-Sem-Viva,Mid Semester Viva,25,25,2026-08-20,graded
212,73,24CP101P,2026-27-ODD,Lab-File,Practical Lab File,25,25,2026-10-02,scheduled
213,73,24CP101P,2026-27-ODD,Lab-Exam,End Semester Practical Exam,50,50,2026-10-09,scheduled
214,74,24CP101P,2026-27-ODD,Mid-Sem-Viva,Mid Semester Viva,25,25,2026-08-21,graded
215,74,24CP101P,2026-27-ODD,Lab-File,Practical Lab File,25,25,2026-10-02,scheduled
216,74,24CP101P,2026-27-ODD,Lab-Exam,End Semester Practical Exam,50,50,2026-10-09,scheduled
217,75,24HS102T,2026-27-ODD,IA,Internal Assessment,25,25,2026-08-14,graded
218,75,24HS102T,2026-27-ODD,Mid-Sem,Mid Semester Exam,25,25,2026-08-20,graded
219,75,24HS102T,2026-27-ODD,End-Sem,End Semester Exam,100,50,2026-11-26,scheduled
220,76,24HS103T,2026-27-ODD,IA,Internal Assessment,25,25,2026-08-11,graded
221,76,24HS103T,2026-27-ODD,Mid-Sem,Mid Semester Exam,25,25,2026-08-20,graded
222,76,24HS103T,2026-27-ODD,End-Sem,End Semester Exam,100,50,2026-11-20,scheduled
223,77,24INT151,2026-27-ODD,Term-Work,Term Work Evaluation,100,100,2026-09-29,scheduled
224,78,24MA201T,2026-27-ODD,IA,Internal Assessment,25,25,2026-08-12,graded
225,78,24MA201T,2026-27-ODD,Mid-Sem,Mid Semester Exam,25,25,2026-08-22,graded
226,78,24MA201T,2026-27-ODD,End-Sem,End Semester Exam,100,50,2026-11-18,scheduled
227,79,24ME201T,2026-27-ODD,IA,Internal Assessment,25,25,2026-08-12,graded
228,79,24ME201T,2026-27-ODD,Mid-Sem,Mid Semester Exam,25,25,2026-08-24,graded
229,79,24ME201T,2026-27-ODD,End-Sem,End Semester Exam,100,50,2026-11-22,scheduled
230,80,24ME202T,2026-27-ODD,IA,Internal Assessment,25,25,2026-08-13,graded
231,80,24ME202T,2026-27-ODD,Mid-Sem,Mid Semester Exam,25,25,2026-08-23,graded
232,80,24ME202T,2026-27-ODD,End-Sem,End Semester Exam,100,50,2026-11-27,scheduled
233,81,24ME203T,2026-27-ODD,IA,Internal Assessment,25,25,2026-08-14,graded
234,81,24ME203T,2026-27-ODD,Mid-Sem,Mid Semester Exam,25,25,2026-08-24,graded
235,81,24ME203T,2026-27-ODD,End-Sem,End Semester Exam,100,50,2026-11-19,scheduled
236,82,24ME203P,2026-27-ODD,Mid-Sem-Viva,Mid Semester Viva,25,25,2026-08-18,graded
237,82,24ME203P,2026-27-ODD,Lab-File,Practical Lab File,25,25,2026-09-30,scheduled
238,82,24ME203P,2026-27-ODD,Lab-Exam,End Semester Practical Exam,50,50,2026-10-07,scheduled
239,83,24ME203P,2026-27-ODD,Mid-Sem-Viva,Mid Semester Viva,25,25,2026-08-21,graded
240,83,24ME203P,2026-27-ODD,Lab-File,Practical Lab File,25,25,2026-10-01,scheduled
241,83,24ME203P,2026-27-ODD,Lab-Exam,End Semester Practical Exam,50,50,2026-10-08,scheduled
242,84,24ME204T,2026-27-ODD,IA,Internal Assessment,25,25,2026-08-13,graded
243,84,24ME204T,2026-27-ODD,Mid-Sem,Mid Semester Exam,25,25,2026-08-24,graded
244,84,24ME204T,2026-27-ODD,End-Sem,End Semester Exam,100,50,2026-11-23,scheduled
245,85,24ME204P,2026-27-ODD,Mid-Sem-Viva,Mid Semester Viva,25,25,2026-08-20,graded
246,85,24ME204P,2026-27-ODD,Lab-File,Practical Lab File,25,25,2026-09-30,scheduled
247,85,24ME204P,2026-27-ODD,Lab-Exam,End Semester Practical Exam,50,50,2026-10-07,scheduled
248,86,24ME204P,2026-27-ODD,Mid-Sem-Viva,Mid Semester Viva,25,25,2026-08-20,graded
249,86,24ME204P,2026-27-ODD,Lab-File,Practical Lab File,25,25,2026-10-01,scheduled
250,86,24ME204P,2026-27-ODD,Lab-Exam,End Semester Practical Exam,50,50,2026-10-08,scheduled
251,87,24ME205P,2026-27-ODD,Mid-Sem-Viva,Mid Semester Viva,25,25,2026-08-19,graded
252,87,24ME205P,2026-27-ODD,Lab-File,Practical Lab File,25,25,2026-10-02,scheduled
253,87,24ME205P,2026-27-ODD,Lab-Exam,End Semester Practical Exam,50,50,2026-10-09,scheduled
254,88,24ME205P,2026-27-ODD,Mid-Sem-Viva,Mid Semester Viva,25,25,2026-08-19,graded
255,88,24ME205P,2026-27-ODD,Lab-File,Practical Lab File,25,25,2026-10-03,scheduled
256,88,24ME205P,2026-27-ODD,Lab-Exam,End Semester Practical Exam,50,50,2026-10-10,scheduled
257,89,24MA101T,2026-27-ODD,IA,Internal Assessment,25,25,2026-08-14,graded
258,89,24MA101T,2026-27-ODD,Mid-Sem,Mid Semester Exam,25,25,2026-08-20,graded
259,89,24MA101T,2026-27-ODD,End-Sem,End Semester Exam,100,50,2026-11-23,scheduled
260,90,24PH102T,2026-27-ODD,IA,Internal Assessment,25,25,2026-08-13,graded
261,90,24PH102T,2026-27-ODD,Mid-Sem,Mid Semester Exam,25,25,2026-08-23,graded
262,90,24PH102T,2026-27-ODD,End-Sem,End Semester Exam,100,50,2026-11-19,scheduled
263,91,24PH102P,2026-27-ODD,Mid-Sem-Viva,Mid Semester Viva,25,25,2026-08-20,graded
264,91,24PH102P,2026-27-ODD,Lab-File,Practical Lab File,25,25,2026-10-03,scheduled
265,91,24PH102P,2026-27-ODD,Lab-Exam,End Semester Practical Exam,50,50,2026-10-10,scheduled
266,92,24PH102P,2026-27-ODD,Mid-Sem-Viva,Mid Semester Viva,25,25,2026-08-22,graded
267,92,24PH102P,2026-27-ODD,Lab-File,Practical Lab File,25,25,2026-10-03,scheduled
268,92,24PH102P,2026-27-ODD,Lab-Exam,End Semester Practical Exam,50,50,2026-10-10,scheduled
269,93,24BT102T,2026-27-ODD,IA,Internal Assessment,25,25,2026-08-13,graded
270,93,24BT102T,2026-27-ODD,Mid-Sem,Mid Semester Exam,25,25,2026-08-22,graded
271,93,24BT102T,2026-27-ODD,End-Sem,End Semester Exam,100,50,2026-11-17,scheduled
272,94,24CV101T,2026-27-ODD,IA,Internal Assessment,25,25,2026-08-12,graded
273,94,24CV101T,2026-27-ODD,Mid-Sem,Mid Semester Exam,25,25,2026-08-24,graded
274,94,24CV101T,2026-27-ODD,End-Sem,End Semester Exam,100,50,2026-11-27,scheduled
275,95,24CP101T,2026-27-ODD,IA,Internal Assessment,25,25,2026-08-12,graded
276,95,24CP101T,2026-27-ODD,Mid-Sem,Mid Semester Exam,25,25,2026-08-20,graded
277,95,24CP101T,2026-27-ODD,End-Sem,End Semester Exam,100,50,2026-11-26,scheduled
278,96,24CP101P,2026-27-ODD,Mid-Sem-Viva,Mid Semester Viva,25,25,2026-08-19,graded
279,96,24CP101P,2026-27-ODD,Lab-File,Practical Lab File,25,25,2026-10-01,scheduled
280,96,24CP101P,2026-27-ODD,Lab-Exam,End Semester Practical Exam,50,50,2026-10-08,scheduled
281,97,24CP101P,2026-27-ODD,Mid-Sem-Viva,Mid Semester Viva,25,25,2026-08-22,graded
282,97,24CP101P,2026-27-ODD,Lab-File,Practical Lab File,25,25,2026-09-30,scheduled
283,97,24CP101P,2026-27-ODD,Lab-Exam,End Semester Practical Exam,50,50,2026-10-07,scheduled
284,98,24ME101P,2026-27-ODD,Mid-Sem-Viva,Mid Semester Viva,25,25,2026-08-22,graded
285,98,24ME101P,2026-27-ODD,Lab-File,Practical Lab File,25,25,2026-10-02,scheduled
286,98,24ME101P,2026-27-ODD,Lab-Exam,End Semester Practical Exam,50,50,2026-10-09,scheduled
287,99,24ME101P,2026-27-ODD,Mid-Sem-Viva,Mid Semester Viva,25,25,2026-08-20,graded
288,99,24ME101P,2026-27-ODD,Lab-File,Practical Lab File,25,25,2026-10-01,scheduled
289,99,24ME101P,2026-27-ODD,Lab-Exam,End Semester Practical Exam,50,50,2026-10-08,scheduled
290,100,24ME102P,2026-27-ODD,Mid-Sem-Viva,Mid Semester Viva,25,25,2026-08-21,graded
291,100,24ME102P,2026-27-ODD,Lab-File,Practical Lab File,25,25,2026-10-02,scheduled
292,100,24ME102P,2026-27-ODD,Lab-Exam,End Semester Practical Exam,50,50,2026-10-09,scheduled
293,101,24ME102P,2026-27-ODD,Mid-Sem-Viva,Mid Semester Viva,25,25,2026-08-20,graded
294,101,24ME102P,2026-27-ODD,Lab-File,Practical Lab File,25,25,2026-09-29,scheduled
295,101,24ME102P,2026-27-ODD,Lab-Exam,End Semester Practical Exam,50,50,2026-10-06,scheduled
296,102,24HS101T,2026-27-ODD,IA,Internal Assessment,25,25,2026-08-13,graded
297,102,24HS101T,2026-27-ODD,Mid-Sem,Mid Semester Exam,25,25,2026-08-24,graded
298,102,24HS101T,2026-27-ODD,End-Sem,End Semester Exam,100,50,2026-11-27,scheduled
299,103,24HS102T,2026-27-ODD,IA,Internal Assessment,25,25,2026-08-11,graded
300,103,24HS102T,2026-27-ODD,Mid-Sem,Mid Semester Exam,25,25,2026-08-20,graded
301,103,24HS102T,2026-27-ODD,End-Sem,End Semester Exam,100,50,2026-11-26,scheduled
302,104,24INT151,2026-27-ODD,Term-Work,Term Work Evaluation,100,100,2026-10-02,scheduled
303,105,24MA201T,2026-27-ODD,IA,Internal Assessment,25,25,2026-08-12,graded
304,105,24MA201T,2026-27-ODD,Mid-Sem,Mid Semester Exam,25,25,2026-08-22,graded
305,105,24MA201T,2026-27-ODD,End-Sem,End Semester Exam,100,50,2026-11-18,scheduled
306,106,24CV201T,2026-27-ODD,IA,Internal Assessment,25,25,2026-08-12,graded
307,106,24CV201T,2026-27-ODD,Mid-Sem,Mid Semester Exam,25,25,2026-08-24,graded
308,106,24CV201T,2026-27-ODD,End-Sem,End Semester Exam,100,50,2026-11-26,scheduled
309,107,24CV202T,2026-27-ODD,IA,Internal Assessment,25,25,2026-08-11,graded
310,107,24CV202T,2026-27-ODD,Mid-Sem,Mid Semester Exam,25,25,2026-08-23,graded
311,107,24CV202T,2026-27-ODD,End-Sem,End Semester Exam,100,50,2026-11-26,scheduled
312,108,24CV203T,2026-27-ODD,IA,Internal Assessment,25,25,2026-08-12,graded
313,108,24CV203T,2026-27-ODD,Mid-Sem,Mid Semester Exam,25,25,2026-08-23,graded
314,108,24CV203T,2026-27-ODD,End-Sem,End Semester Exam,100,50,2026-11-21,scheduled
315,109,24CV204T,2026-27-ODD,IA,Internal Assessment,25,25,2026-08-14,graded
316,109,24CV204T,2026-27-ODD,Mid-Sem,Mid Semester Exam,25,25,2026-08-24,graded
317,109,24CV204T,2026-27-ODD,End-Sem,End Semester Exam,100,50,2026-11-18,scheduled
318,110,24CV205T,2026-27-ODD,IA,Internal Assessment,25,25,2026-08-14,graded
319,110,24CV205T,2026-27-ODD,Mid-Sem,Mid Semester Exam,25,25,2026-08-20,graded
320,110,24CV205T,2026-27-ODD,End-Sem,End Semester Exam,100,50,2026-11-18,scheduled
321,111,24CV206P,2026-27-ODD,Mid-Sem-Viva,Mid Semester Viva,25,25,2026-08-19,graded
322,111,24CV206P,2026-27-ODD,Lab-File,Practical Lab File,25,25,2026-10-01,scheduled
323,111,24CV206P,2026-27-ODD,Lab-Exam,End Semester Practical Exam,50,50,2026-10-08,scheduled
324,112,24CV206P,2026-27-ODD,Mid-Sem-Viva,Mid Semester Viva,25,25,2026-08-22,graded
325,112,24CV206P,2026-27-ODD,Lab-File,Practical Lab File,25,25,2026-10-03,scheduled
326,112,24CV206P,2026-27-ODD,Lab-Exam,End Semester Practical Exam,50,50,2026-10-10,scheduled
327,113,24HS101T,2026-27-ODD,IA,Internal Assessment,25,25,2026-08-12,graded
328,113,24HS101T,2026-27-ODD,Mid-Sem,Mid Semester Exam,25,25,2026-08-24,graded
329,113,24HS101T,2026-27-ODD,End-Sem,End Semester Exam,100,50,2026-11-27,scheduled
330,114,24MA101T,2026-27-ODD,IA,Internal Assessment,25,25,2026-08-15,graded
331,114,24MA101T,2026-27-ODD,Mid-Sem,Mid Semester Exam,25,25,2026-08-20,graded
332,114,24MA101T,2026-27-ODD,End-Sem,End Semester Exam,100,50,2026-11-23,scheduled
333,115,24PH102T,2026-27-ODD,IA,Internal Assessment,25,25,2026-08-13,graded
334,115,24PH102T,2026-27-ODD,Mid-Sem,Mid Semester Exam,25,25,2026-08-23,graded
335,115,24PH102T,2026-27-ODD,End-Sem,End Semester Exam,100,50,2026-11-19,scheduled
336,116,24PH102P,2026-27-ODD,Mid-Sem-Viva,Mid Semester Viva,25,25,2026-08-20,graded
337,116,24PH102P,2026-27-ODD,Lab-File,Practical Lab File,25,25,2026-10-01,scheduled
338,116,24PH102P,2026-27-ODD,Lab-Exam,End Semester Practical Exam,50,50,2026-10-08,scheduled
339,117,24PH102P,2026-27-ODD,Mid-Sem-Viva,Mid Semester Viva,25,25,2026-08-18,graded
340,117,24PH102P,2026-27-ODD,Lab-File,Practical Lab File,25,25,2026-10-03,scheduled
341,117,24PH102P,2026-27-ODD,Lab-Exam,End Semester Practical Exam,50,50,2026-10-10,scheduled
342,118,24CV101T,2026-27-ODD,IA,Internal Assessment,25,25,2026-08-14,graded
343,118,24CV101T,2026-27-ODD,Mid-Sem,Mid Semester Exam,25,25,2026-08-24,graded
344,118,24CV101T,2026-27-ODD,End-Sem,End Semester Exam,100,50,2026-11-27,scheduled
345,119,24ME101P,2026-27-ODD,Mid-Sem-Viva,Mid Semester Viva,25,25,2026-08-21,graded
346,119,24ME101P,2026-27-ODD,Lab-File,Practical Lab File,25,25,2026-09-30,scheduled
347,119,24ME101P,2026-27-ODD,Lab-Exam,End Semester Practical Exam,50,50,2026-10-07,scheduled
348,120,24ME101P,2026-27-ODD,Mid-Sem-Viva,Mid Semester Viva,25,25,2026-08-20,graded
349,120,24ME101P,2026-27-ODD,Lab-File,Practical Lab File,25,25,2026-09-29,scheduled
350,120,24ME101P,2026-27-ODD,Lab-Exam,End Semester Practical Exam,50,50,2026-10-06,scheduled
351,121,24BT102T,2026-27-ODD,IA,Internal Assessment,25,25,2026-08-12,graded
352,121,24BT102T,2026-27-ODD,Mid-Sem,Mid Semester Exam,25,25,2026-08-22,graded
353,121,24BT102T,2026-27-ODD,End-Sem,End Semester Exam,100,50,2026-11-17,scheduled
354,122,24CP101T,2026-27-ODD,IA,Internal Assessment,25,25,2026-08-12,graded
355,122,24CP101T,2026-27-ODD,Mid-Sem,Mid Semester Exam,25,25,2026-08-20,graded
356,122,24CP101T,2026-27-ODD,End-Sem,End Semester Exam,100,50,2026-11-26,scheduled
357,123,24CP101P,2026-27-ODD,Mid-Sem-Viva,Mid Semester Viva,25,25,2026-08-19,graded
358,123,24CP101P,2026-27-ODD,Lab-File,Practical Lab File,25,25,2026-09-29,scheduled
359,123,24CP101P,2026-27-ODD,Lab-Exam,End Semester Practical Exam,50,50,2026-10-06,scheduled
360,124,24CP101P,2026-27-ODD,Mid-Sem-Viva,Mid Semester Viva,25,25,2026-08-20,graded
361,124,24CP101P,2026-27-ODD,Lab-File,Practical Lab File,25,25,2026-09-30,scheduled
362,124,24CP101P,2026-27-ODD,Lab-Exam,End Semester Practical Exam,50,50,2026-10-07,scheduled
363,125,24HS102T,2026-27-ODD,IA,Internal Assessment,25,25,2026-08-12,graded
364,125,24HS102T,2026-27-ODD,Mid-Sem,Mid Semester Exam,25,25,2026-08-20,graded
365,125,24HS102T,2026-27-ODD,End-Sem,End Semester Exam,100,50,2026-11-26,scheduled
366,126,24HS103T,2026-27-ODD,IA,Internal Assessment,25,25,2026-08-12,graded
367,126,24HS103T,2026-27-ODD,Mid-Sem,Mid Semester Exam,25,25,2026-08-20,graded
368,126,24HS103T,2026-27-ODD,End-Sem,End Semester Exam,100,50,2026-11-20,scheduled
369,127,24INT151,2026-27-ODD,Term-Work,Term Work Evaluation,100,100,2026-10-03,scheduled
370,128,24MA201T,2026-27-ODD,IA,Internal Assessment,25,25,2026-08-12,graded
371,128,24MA201T,2026-27-ODD,Mid-Sem,Mid Semester Exam,25,25,2026-08-22,graded
372,128,24MA201T,2026-27-ODD,End-Sem,End Semester Exam,100,50,2026-11-18,scheduled
373,129,24CH201T,2026-27-ODD,IA,Internal Assessment,25,25,2026-08-12,graded
374,129,24CH201T,2026-27-ODD,Mid-Sem,Mid Semester Exam,25,25,2026-08-20,graded
375,129,24CH201T,2026-27-ODD,End-Sem,End Semester Exam,100,50,2026-11-18,scheduled
376,130,24CH202T,2026-27-ODD,IA,Internal Assessment,25,25,2026-08-11,graded
377,130,24CH202T,2026-27-ODD,Mid-Sem,Mid Semester Exam,25,25,2026-08-23,graded
378,130,24CH202T,2026-27-ODD,End-Sem,End Semester Exam,100,50,2026-11-18,scheduled
379,131,24CH203T,2026-27-ODD,IA,Internal Assessment,25,25,2026-08-15,graded
380,131,24CH203T,2026-27-ODD,Mid-Sem,Mid Semester Exam,25,25,2026-08-24,graded
381,131,24CH203T,2026-27-ODD,End-Sem,End Semester Exam,100,50,2026-11-21,scheduled
382,132,24CH203P,2026-27-ODD,Mid-Sem-Viva,Mid Semester Viva,25,25,2026-08-21,graded
383,132,24CH203P,2026-27-ODD,Lab-File,Practical Lab File,25,25,2026-10-02,scheduled
384,132,24CH203P,2026-27-ODD,Lab-Exam,End Semester Practical Exam,50,50,2026-10-09,scheduled
385,133,24CH203P,2026-27-ODD,Mid-Sem-Viva,Mid Semester Viva,25,25,2026-08-22,graded
386,133,24CH203P,2026-27-ODD,Lab-File,Practical Lab File,25,25,2026-09-29,scheduled
387,133,24CH203P,2026-27-ODD,Lab-Exam,End Semester Practical Exam,50,50,2026-10-06,scheduled
388,134,24CH204T,2026-27-ODD,IA,Internal Assessment,25,25,2026-08-11,graded
389,134,24CH204T,2026-27-ODD,Mid-Sem,Mid Semester Exam,25,25,2026-08-23,graded
390,134,24CH204T,2026-27-ODD,End-Sem,End Semester Exam,100,50,2026-11-20,scheduled
391,135,24CH204P,2026-27-ODD,Mid-Sem-Viva,Mid Semester Viva,25,25,2026-08-18,graded
392,135,24CH204P,2026-27-ODD,Lab-File,Practical Lab File,25,25,2026-10-01,scheduled
393,135,24CH204P,2026-27-ODD,Lab-Exam,End Semester Practical Exam,50,50,2026-10-08,scheduled
394,136,24CH204P,2026-27-ODD,Mid-Sem-Viva,Mid Semester Viva,25,25,2026-08-21,graded
395,136,24CH204P,2026-27-ODD,Lab-File,Practical Lab File,25,25,2026-09-29,scheduled
396,136,24CH204P,2026-27-ODD,Lab-Exam,End Semester Practical Exam,50,50,2026-10-06,scheduled
397,137,24MA101T,2026-27-ODD,IA,Internal Assessment,25,25,2026-08-12,graded
398,137,24MA101T,2026-27-ODD,Mid-Sem,Mid Semester Exam,25,25,2026-08-20,graded
399,137,24MA101T,2026-27-ODD,End-Sem,End Semester Exam,100,50,2026-11-23,scheduled
400,138,24HS101T,2026-27-ODD,IA,Internal Assessment,25,25,2026-08-15,graded
401,138,24HS101T,2026-27-ODD,Mid-Sem,Mid Semester Exam,25,25,2026-08-24,graded
402,138,24HS101T,2026-27-ODD,End-Sem,End Semester Exam,100,50,2026-11-27,scheduled
403,139,24CP101T,2026-27-ODD,IA,Internal Assessment,25,25,2026-08-14,graded
404,139,24CP101T,2026-27-ODD,Mid-Sem,Mid Semester Exam,25,25,2026-08-20,graded
405,139,24CP101T,2026-27-ODD,End-Sem,End Semester Exam,100,50,2026-11-26,scheduled
406,140,24CP101P,2026-27-ODD,Mid-Sem-Viva,Mid Semester Viva,25,25,2026-08-19,graded
407,140,24CP101P,2026-27-ODD,Lab-File,Practical Lab File,25,25,2026-09-29,scheduled
408,140,24CP101P,2026-27-ODD,Lab-Exam,End Semester Practical Exam,50,50,2026-10-06,scheduled
409,141,24CP101P,2026-27-ODD,Mid-Sem-Viva,Mid Semester Viva,25,25,2026-08-18,graded
410,141,24CP101P,2026-27-ODD,Lab-File,Practical Lab File,25,25,2026-09-30,scheduled
411,141,24CP101P,2026-27-ODD,Lab-Exam,End Semester Practical Exam,50,50,2026-10-07,scheduled
412,142,24CH101T,2026-27-ODD,IA,Internal Assessment,25,25,2026-08-14,graded
413,142,24CH101T,2026-27-ODD,Mid-Sem,Mid Semester Exam,25,25,2026-08-24,graded
414,142,24CH101T,2026-27-ODD,End-Sem,End Semester Exam,100,50,2026-11-23,scheduled
415,143,24CH101P,2026-27-ODD,Mid-Sem-Viva,Mid Semester Viva,25,25,2026-08-21,graded
416,143,24CH101P,2026-27-ODD,Lab-File,Practical Lab File,25,25,2026-10-01,scheduled
417,143,24CH101P,2026-27-ODD,Lab-Exam,End Semester Practical Exam,50,50,2026-10-08,scheduled
418,144,24CH101P,2026-27-ODD,Mid-Sem-Viva,Mid Semester Viva,25,25,2026-08-22,graded
419,144,24CH101P,2026-27-ODD,Lab-File,Practical Lab File,25,25,2026-09-30,scheduled
420,144,24CH101P,2026-27-ODD,Lab-Exam,End Semester Practical Exam,50,50,2026-10-07,scheduled
421,145,24EE101T,2026-27-ODD,IA,Internal Assessment,25,25,2026-08-11,graded
422,145,24EE101T,2026-27-ODD,Mid-Sem,Mid Semester Exam,25,25,2026-08-24,graded
423,145,24EE101T,2026-27-ODD,End-Sem,End Semester Exam,100,50,2026-11-22,scheduled
424,146,24EE101P,2026-27-ODD,Mid-Sem-Viva,Mid Semester Viva,25,25,2026-08-19,graded
425,146,24EE101P,2026-27-ODD,Lab-File,Practical Lab File,25,25,2026-10-01,scheduled
426,146,24EE101P,2026-27-ODD,Lab-Exam,End Semester Practical Exam,50,50,2026-10-08,scheduled
427,147,24EE101P,2026-27-ODD,Mid-Sem-Viva,Mid Semester Viva,25,25,2026-08-21,graded
428,147,24EE101P,2026-27-ODD,Lab-File,Practical Lab File,25,25,2026-09-30,scheduled
429,147,24EE101P,2026-27-ODD,Lab-Exam,End Semester Practical Exam,50,50,2026-10-07,scheduled
430,148,24BT101T,2026-27-ODD,IA,Internal Assessment,25,25,2026-08-11,graded
431,148,24BT101T,2026-27-ODD,Mid-Sem,Mid Semester Exam,25,25,2026-08-24,graded
432,148,24BT101T,2026-27-ODD,End-Sem,End Semester Exam,100,50,2026-11-21,scheduled
433,149,24HS104T,2026-27-ODD,IA,Internal Assessment,25,25,2026-08-11,graded
434,149,24HS104T,2026-27-ODD,Mid-Sem,Mid Semester Exam,25,25,2026-08-20,graded
435,149,24HS104T,2026-27-ODD,End-Sem,End Semester Exam,100,50,2026-11-22,scheduled
436,150,24YOG101,2026-27-ODD,IA,Internal Assessment,25,25,2026-08-14,graded
437,150,24YOG101,2026-27-ODD,Mid-Sem,Mid Semester Exam,25,25,2026-08-24,graded
438,150,24YOG101,2026-27-ODD,End-Sem,End Semester Exam,100,50,2026-11-22,scheduled
439,151,24NSS101,2026-27-ODD,IA,Internal Assessment,25,25,2026-08-11,graded
440,151,24NSS101,2026-27-ODD,Mid-Sem,Mid Semester Exam,25,25,2026-08-23,graded
441,151,24NSS101,2026-27-ODD,End-Sem,End Semester Exam,100,50,2026-11-17,scheduled
442,152,24NCC101,2026-27-ODD,IA,Internal Assessment,25,25,2026-08-14,graded
443,152,24NCC101,2026-27-ODD,Mid-Sem,Mid Semester Exam,25,25,2026-08-24,graded
444,152,24NCC101,2026-27-ODD,End-Sem,End Semester Exam,100,50,2026-11-18,scheduled
445,153,24HS105T,2025-26-EVEN,IA,Internal Assessment,25,25,2026-03-06,graded
446,153,24HS105T,2025-26-EVEN,Mid-Sem,Mid Semester Exam,25,25,2026-02-09,graded
447,153,24HS105T,2025-26-EVEN,End-Sem,End Semester Exam,100,50,2026-05-19,graded
448,154,24MA103T,2025-26-EVEN,IA,Internal Assessment,25,25,2026-03-06,graded
449,154,24MA103T,2025-26-EVEN,Mid-Sem,Mid Semester Exam,25,25,2026-02-13,graded
450,154,24MA103T,2025-26-EVEN,End-Sem,End Semester Exam,100,50,2026-05-12,graded
451,155,24CH101T,2025-26-EVEN,IA,Internal Assessment,25,25,2026-03-04,graded
452,155,24CH101T,2025-26-EVEN,Mid-Sem,Mid Semester Exam,25,25,2026-02-10,graded
453,155,24CH101T,2025-26-EVEN,End-Sem,End Semester Exam,100,50,2026-05-18,graded
454,156,24CH101P,2025-26-EVEN,Mid-Sem-Viva,Mid Semester Viva,25,25,2026-03-12,graded
455,156,24CH101P,2025-26-EVEN,Lab-File,Practical Lab File,25,25,2026-04-24,graded
456,156,24CH101P,2025-26-EVEN,Lab-Exam,End Semester Practical Exam,50,50,2026-05-01,graded
457,157,24CH101P,2025-26-EVEN,Mid-Sem-Viva,Mid Semester Viva,25,25,2026-03-13,graded
458,157,24CH101P,2025-26-EVEN,Lab-File,Practical Lab File,25,25,2026-04-23,graded
459,157,24CH101P,2025-26-EVEN,Lab-Exam,End Semester Practical Exam,50,50,2026-04-30,graded
460,158,24EE101T,2025-26-EVEN,IA,Internal Assessment,25,25,2026-03-05,graded
461,158,24EE101T,2025-26-EVEN,Mid-Sem,Mid Semester Exam,25,25,2026-02-09,graded
462,158,24EE101T,2025-26-EVEN,End-Sem,End Semester Exam,100,50,2026-05-17,graded
463,159,24EE101P,2025-26-EVEN,Mid-Sem-Viva,Mid Semester Viva,25,25,2026-03-11,graded
464,159,24EE101P,2025-26-EVEN,Lab-File,Practical Lab File,25,25,2026-04-20,graded
465,159,24EE101P,2025-26-EVEN,Lab-Exam,End Semester Practical Exam,50,50,2026-04-27,graded
466,160,24EE101P,2025-26-EVEN,Mid-Sem-Viva,Mid Semester Viva,25,25,2026-03-10,graded
467,160,24EE101P,2025-26-EVEN,Lab-File,Practical Lab File,25,25,2026-04-20,graded
468,160,24EE101P,2025-26-EVEN,Lab-Exam,End Semester Practical Exam,50,50,2026-04-27,graded
469,161,24BT101T,2025-26-EVEN,IA,Internal Assessment,25,25,2026-03-03,graded
470,161,24BT101T,2025-26-EVEN,Mid-Sem,Mid Semester Exam,25,25,2026-02-09,graded
471,161,24BT101T,2025-26-EVEN,End-Sem,End Semester Exam,100,50,2026-05-16,graded
472,162,24YOG101,2025-26-EVEN,IA,Internal Assessment,25,25,2026-03-02,graded
473,162,24YOG101,2025-26-EVEN,Mid-Sem,Mid Semester Exam,25,25,2026-02-13,graded
474,162,24YOG101,2025-26-EVEN,End-Sem,End Semester Exam,100,50,2026-05-17,graded
475,163,24NCC101,2025-26-EVEN,IA,Internal Assessment,25,25,2026-03-05,graded
476,163,24NCC101,2025-26-EVEN,Mid-Sem,Mid Semester Exam,25,25,2026-02-09,graded
477,163,24NCC101,2025-26-EVEN,End-Sem,End Semester Exam,100,50,2026-05-13,graded
478,164,24NSS101,2025-26-EVEN,IA,Internal Assessment,25,25,2026-03-04,graded
479,164,24NSS101,2025-26-EVEN,Mid-Sem,Mid Semester Exam,25,25,2026-02-13,graded
480,164,24NSS101,2025-26-EVEN,End-Sem,End Semester Exam,100,50,2026-05-12,graded
481,165,24HS104T,2025-26-EVEN,IA,Internal Assessment,25,25,2026-03-02,graded
482,165,24HS104T,2025-26-EVEN,Mid-Sem,Mid Semester Exam,25,25,2026-02-12,graded
483,165,24HS104T,2025-26-EVEN,End-Sem,End Semester Exam,100,50,2026-05-17,graded
484,166,24CP102T,2025-26-EVEN,IA,Internal Assessment,25,25,2026-03-02,graded
485,166,24CP102T,2025-26-EVEN,Mid-Sem,Mid Semester Exam,25,25,2026-02-12,graded
486,166,24CP102T,2025-26-EVEN,End-Sem,End Semester Exam,100,50,2026-05-19,graded
487,167,24CP102P,2025-26-EVEN,Mid-Sem-Viva,Mid Semester Viva,25,25,2026-03-13,graded
488,167,24CP102P,2025-26-EVEN,Lab-File,Practical Lab File,25,25,2026-04-24,graded
489,167,24CP102P,2025-26-EVEN,Lab-Exam,End Semester Practical Exam,50,50,2026-05-01,graded
490,168,24CP102P,2025-26-EVEN,Mid-Sem-Viva,Mid Semester Viva,25,25,2026-03-12,graded
491,168,24CP102P,2025-26-EVEN,Lab-File,Practical Lab File,25,25,2026-04-20,graded
492,168,24CP102P,2025-26-EVEN,Lab-Exam,End Semester Practical Exam,50,50,2026-04-27,graded
493,169,24HS105T,2025-26-EVEN,IA,Internal Assessment,25,25,2026-03-04,graded
494,169,24HS105T,2025-26-EVEN,Mid-Sem,Mid Semester Exam,25,25,2026-02-12,graded
495,169,24HS105T,2025-26-EVEN,End-Sem,End Semester Exam,100,50,2026-05-19,graded
496,170,24MA103T,2025-26-EVEN,IA,Internal Assessment,25,25,2026-03-06,graded
497,170,24MA103T,2025-26-EVEN,Mid-Sem,Mid Semester Exam,25,25,2026-02-09,graded
498,170,24MA103T,2025-26-EVEN,End-Sem,End Semester Exam,100,50,2026-05-12,graded
499,171,24CH101T,2025-26-EVEN,IA,Internal Assessment,25,25,2026-03-03,graded
500,171,24CH101T,2025-26-EVEN,Mid-Sem,Mid Semester Exam,25,25,2026-02-09,graded
501,171,24CH101T,2025-26-EVEN,End-Sem,End Semester Exam,100,50,2026-05-18,graded
502,172,24CH101P,2025-26-EVEN,Mid-Sem-Viva,Mid Semester Viva,25,25,2026-03-12,graded
503,172,24CH101P,2025-26-EVEN,Lab-File,Practical Lab File,25,25,2026-04-23,graded
504,172,24CH101P,2025-26-EVEN,Lab-Exam,End Semester Practical Exam,50,50,2026-04-30,graded
505,173,24CH101P,2025-26-EVEN,Mid-Sem-Viva,Mid Semester Viva,25,25,2026-03-13,graded
506,173,24CH101P,2025-26-EVEN,Lab-File,Practical Lab File,25,25,2026-04-23,graded
507,173,24CH101P,2025-26-EVEN,Lab-Exam,End Semester Practical Exam,50,50,2026-04-30,graded
508,174,24EE101T,2025-26-EVEN,IA,Internal Assessment,25,25,2026-03-04,graded
509,174,24EE101T,2025-26-EVEN,Mid-Sem,Mid Semester Exam,25,25,2026-02-10,graded
510,174,24EE101T,2025-26-EVEN,End-Sem,End Semester Exam,100,50,2026-05-17,graded
511,175,24EE101P,2025-26-EVEN,Mid-Sem-Viva,Mid Semester Viva,25,25,2026-03-13,graded
512,175,24EE101P,2025-26-EVEN,Lab-File,Practical Lab File,25,25,2026-04-20,graded
513,175,24EE101P,2025-26-EVEN,Lab-Exam,End Semester Practical Exam,50,50,2026-04-27,graded
514,176,24EE101P,2025-26-EVEN,Mid-Sem-Viva,Mid Semester Viva,25,25,2026-03-11,graded
515,176,24EE101P,2025-26-EVEN,Lab-File,Practical Lab File,25,25,2026-04-22,graded
516,176,24EE101P,2025-26-EVEN,Lab-Exam,End Semester Practical Exam,50,50,2026-04-29,graded
517,177,24ME102P,2025-26-EVEN,Mid-Sem-Viva,Mid Semester Viva,25,25,2026-03-12,graded
518,177,24ME102P,2025-26-EVEN,Lab-File,Practical Lab File,25,25,2026-04-20,graded
519,177,24ME102P,2025-26-EVEN,Lab-Exam,End Semester Practical Exam,50,50,2026-04-27,graded
520,178,24ME102P,2025-26-EVEN,Mid-Sem-Viva,Mid Semester Viva,25,25,2026-03-13,graded
521,178,24ME102P,2025-26-EVEN,Lab-File,Practical Lab File,25,25,2026-04-20,graded
522,178,24ME102P,2025-26-EVEN,Lab-Exam,End Semester Practical Exam,50,50,2026-04-27,graded
523,179,24YOG101,2025-26-EVEN,IA,Internal Assessment,25,25,2026-03-06,graded
524,179,24YOG101,2025-26-EVEN,Mid-Sem,Mid Semester Exam,25,25,2026-02-09,graded
525,179,24YOG101,2025-26-EVEN,End-Sem,End Semester Exam,100,50,2026-05-17,graded
526,180,24NCC101,2025-26-EVEN,IA,Internal Assessment,25,25,2026-03-06,graded
527,180,24NCC101,2025-26-EVEN,Mid-Sem,Mid Semester Exam,25,25,2026-02-12,graded
528,180,24NCC101,2025-26-EVEN,End-Sem,End Semester Exam,100,50,2026-05-13,graded
529,181,24NSS101,2025-26-EVEN,IA,Internal Assessment,25,25,2026-03-06,graded
530,181,24NSS101,2025-26-EVEN,Mid-Sem,Mid Semester Exam,25,25,2026-02-13,graded
531,181,24NSS101,2025-26-EVEN,End-Sem,End Semester Exam,100,50,2026-05-12,graded
532,182,24HS104T,2025-26-EVEN,IA,Internal Assessment,25,25,2026-03-06,graded
533,182,24HS104T,2025-26-EVEN,Mid-Sem,Mid Semester Exam,25,25,2026-02-10,graded
534,182,24HS104T,2025-26-EVEN,End-Sem,End Semester Exam,100,50,2026-05-17,graded
535,183,24CP102T,2025-26-EVEN,IA,Internal Assessment,25,25,2026-03-05,graded
536,183,24CP102T,2025-26-EVEN,Mid-Sem,Mid Semester Exam,25,25,2026-02-10,graded
537,183,24CP102T,2025-26-EVEN,End-Sem,End Semester Exam,100,50,2026-05-19,graded
538,184,24CP102P,2025-26-EVEN,Mid-Sem-Viva,Mid Semester Viva,25,25,2026-03-13,graded
539,184,24CP102P,2025-26-EVEN,Lab-File,Practical Lab File,25,25,2026-04-20,graded
540,184,24CP102P,2025-26-EVEN,Lab-Exam,End Semester Practical Exam,50,50,2026-04-27,graded
541,185,24CP102P,2025-26-EVEN,Mid-Sem-Viva,Mid Semester Viva,25,25,2026-03-09,graded
542,185,24CP102P,2025-26-EVEN,Lab-File,Practical Lab File,25,25,2026-04-23,graded
543,185,24CP102P,2025-26-EVEN,Lab-Exam,End Semester Practical Exam,50,50,2026-04-30,graded
544,186,24HS105T,2025-26-EVEN,IA,Internal Assessment,25,25,2026-03-03,graded
545,186,24HS105T,2025-26-EVEN,Mid-Sem,Mid Semester Exam,25,25,2026-02-12,graded
546,186,24HS105T,2025-26-EVEN,End-Sem,End Semester Exam,100,50,2026-05-19,graded
547,187,24MA103T,2025-26-EVEN,IA,Internal Assessment,25,25,2026-03-05,graded
548,187,24MA103T,2025-26-EVEN,Mid-Sem,Mid Semester Exam,25,25,2026-02-10,graded
549,187,24MA103T,2025-26-EVEN,End-Sem,End Semester Exam,100,50,2026-05-12,graded
550,188,24CH101T,2025-26-EVEN,IA,Internal Assessment,25,25,2026-03-05,graded
551,188,24CH101T,2025-26-EVEN,Mid-Sem,Mid Semester Exam,25,25,2026-02-12,graded
552,188,24CH101T,2025-26-EVEN,End-Sem,End Semester Exam,100,50,2026-05-18,graded
553,189,24CH101P,2025-26-EVEN,Mid-Sem-Viva,Mid Semester Viva,25,25,2026-03-12,graded
554,189,24CH101P,2025-26-EVEN,Lab-File,Practical Lab File,25,25,2026-04-24,graded
555,189,24CH101P,2025-26-EVEN,Lab-Exam,End Semester Practical Exam,50,50,2026-05-01,graded
556,190,24CH101P,2025-26-EVEN,Mid-Sem-Viva,Mid Semester Viva,25,25,2026-03-10,graded
557,190,24CH101P,2025-26-EVEN,Lab-File,Practical Lab File,25,25,2026-04-23,graded
558,190,24CH101P,2025-26-EVEN,Lab-Exam,End Semester Practical Exam,50,50,2026-04-30,graded
559,191,24EE101T,2025-26-EVEN,IA,Internal Assessment,25,25,2026-03-06,graded
560,191,24EE101T,2025-26-EVEN,Mid-Sem,Mid Semester Exam,25,25,2026-02-09,graded
561,191,24EE101T,2025-26-EVEN,End-Sem,End Semester Exam,100,50,2026-05-17,graded
562,192,24EE101P,2025-26-EVEN,Mid-Sem-Viva,Mid Semester Viva,25,25,2026-03-09,graded
563,192,24EE101P,2025-26-EVEN,Lab-File,Practical Lab File,25,25,2026-04-22,graded
564,192,24EE101P,2025-26-EVEN,Lab-Exam,End Semester Practical Exam,50,50,2026-04-29,graded
565,193,24EE101P,2025-26-EVEN,Mid-Sem-Viva,Mid Semester Viva,25,25,2026-03-09,graded
566,193,24EE101P,2025-26-EVEN,Lab-File,Practical Lab File,25,25,2026-04-23,graded
567,193,24EE101P,2025-26-EVEN,Lab-Exam,End Semester Practical Exam,50,50,2026-04-30,graded
568,194,24ME102P,2025-26-EVEN,Mid-Sem-Viva,Mid Semester Viva,25,25,2026-03-10,graded
569,194,24ME102P,2025-26-EVEN,Lab-File,Practical Lab File,25,25,2026-04-20,graded
570,194,24ME102P,2025-26-EVEN,Lab-Exam,End Semester Practical Exam,50,50,2026-04-27,graded
571,195,24ME102P,2025-26-EVEN,Mid-Sem-Viva,Mid Semester Viva,25,25,2026-03-10,graded
572,195,24ME102P,2025-26-EVEN,Lab-File,Practical Lab File,25,25,2026-04-20,graded
573,195,24ME102P,2025-26-EVEN,Lab-Exam,End Semester Practical Exam,50,50,2026-04-27,graded
574,196,24YOG101,2025-26-EVEN,IA,Internal Assessment,25,25,2026-03-02,graded
575,196,24YOG101,2025-26-EVEN,Mid-Sem,Mid Semester Exam,25,25,2026-02-12,graded
576,196,24YOG101,2025-26-EVEN,End-Sem,End Semester Exam,100,50,2026-05-17,graded
577,197,24NCC101,2025-26-EVEN,IA,Internal Assessment,25,25,2026-03-05,graded
578,197,24NCC101,2025-26-EVEN,Mid-Sem,Mid Semester Exam,25,25,2026-02-13,graded
579,197,24NCC101,2025-26-EVEN,End-Sem,End Semester Exam,100,50,2026-05-13,graded
580,198,24NSS101,2025-26-EVEN,IA,Internal Assessment,25,25,2026-03-05,graded
581,198,24NSS101,2025-26-EVEN,Mid-Sem,Mid Semester Exam,25,25,2026-02-11,graded
582,198,24NSS101,2025-26-EVEN,End-Sem,End Semester Exam,100,50,2026-05-12,graded
583,199,24HS104T,2025-26-EVEN,IA,Internal Assessment,25,25,2026-03-04,graded
584,199,24HS104T,2025-26-EVEN,Mid-Sem,Mid Semester Exam,25,25,2026-02-10,graded
585,199,24HS104T,2025-26-EVEN,End-Sem,End Semester Exam,100,50,2026-05-17,graded
586,200,24CP102T,2025-26-EVEN,IA,Internal Assessment,25,25,2026-03-06,graded
587,200,24CP102T,2025-26-EVEN,Mid-Sem,Mid Semester Exam,25,25,2026-02-11,graded
588,200,24CP102T,2025-26-EVEN,End-Sem,End Semester Exam,100,50,2026-05-19,graded
589,201,24CP102P,2025-26-EVEN,Mid-Sem-Viva,Mid Semester Viva,25,25,2026-03-10,graded
590,201,24CP102P,2025-26-EVEN,Lab-File,Practical Lab File,25,25,2026-04-24,graded
591,201,24CP102P,2025-26-EVEN,Lab-Exam,End Semester Practical Exam,50,50,2026-05-01,graded
592,202,24CP102P,2025-26-EVEN,Mid-Sem-Viva,Mid Semester Viva,25,25,2026-03-11,graded
593,202,24CP102P,2025-26-EVEN,Lab-File,Practical Lab File,25,25,2026-04-24,graded
594,202,24CP102P,2025-26-EVEN,Lab-Exam,End Semester Practical Exam,50,50,2026-05-01,graded
595,203,24MA103T,2025-26-EVEN,IA,Internal Assessment,25,25,2026-03-03,graded
596,203,24MA103T,2025-26-EVEN,Mid-Sem,Mid Semester Exam,25,25,2026-02-13,graded
597,203,24MA103T,2025-26-EVEN,End-Sem,End Semester Exam,100,50,2026-05-12,graded
598,204,24CH101T,2025-26-EVEN,IA,Internal Assessment,25,25,2026-03-04,graded
599,204,24CH101T,2025-26-EVEN,Mid-Sem,Mid Semester Exam,25,25,2026-02-10,graded
600,204,24CH101T,2025-26-EVEN,End-Sem,End Semester Exam,100,50,2026-05-18,graded
601,205,24CH101P,2025-26-EVEN,Mid-Sem-Viva,Mid Semester Viva,25,25,2026-03-09,graded
602,205,24CH101P,2025-26-EVEN,Lab-File,Practical Lab File,25,25,2026-04-22,graded
603,205,24CH101P,2025-26-EVEN,Lab-Exam,End Semester Practical Exam,50,50,2026-04-29,graded
604,206,24CH101P,2025-26-EVEN,Mid-Sem-Viva,Mid Semester Viva,25,25,2026-03-13,graded
605,206,24CH101P,2025-26-EVEN,Lab-File,Practical Lab File,25,25,2026-04-20,graded
606,206,24CH101P,2025-26-EVEN,Lab-Exam,End Semester Practical Exam,50,50,2026-04-27,graded
607,207,24CP102T,2025-26-EVEN,IA,Internal Assessment,25,25,2026-03-05,graded
608,207,24CP102T,2025-26-EVEN,Mid-Sem,Mid Semester Exam,25,25,2026-02-09,graded
609,207,24CP102T,2025-26-EVEN,End-Sem,End Semester Exam,100,50,2026-05-19,graded
610,208,24CP102P,2025-26-EVEN,Mid-Sem-Viva,Mid Semester Viva,25,25,2026-03-13,graded
611,208,24CP102P,2025-26-EVEN,Lab-File,Practical Lab File,25,25,2026-04-20,graded
612,208,24CP102P,2025-26-EVEN,Lab-Exam,End Semester Practical Exam,50,50,2026-04-27,graded
613,209,24CP102P,2025-26-EVEN,Mid-Sem-Viva,Mid Semester Viva,25,25,2026-03-13,graded
614,209,24CP102P,2025-26-EVEN,Lab-File,Practical Lab File,25,25,2026-04-23,graded
615,209,24CP102P,2025-26-EVEN,Lab-Exam,End Semester Practical Exam,50,50,2026-04-30,graded
616,210,24EE101T,2025-26-EVEN,IA,Internal Assessment,25,25,2026-03-05,graded
617,210,24EE101T,2025-26-EVEN,Mid-Sem,Mid Semester Exam,25,25,2026-02-13,graded
618,210,24EE101T,2025-26-EVEN,End-Sem,End Semester Exam,100,50,2026-05-17,graded
619,211,24EE101P,2025-26-EVEN,Mid-Sem-Viva,Mid Semester Viva,25,25,2026-03-12,graded
620,211,24EE101P,2025-26-EVEN,Lab-File,Practical Lab File,25,25,2026-04-20,graded
621,211,24EE101P,2025-26-EVEN,Lab-Exam,End Semester Practical Exam,50,50,2026-04-27,graded
622,212,24EE101P,2025-26-EVEN,Mid-Sem-Viva,Mid Semester Viva,25,25,2026-03-13,graded
623,212,24EE101P,2025-26-EVEN,Lab-File,Practical Lab File,25,25,2026-04-21,graded
624,212,24EE101P,2025-26-EVEN,Lab-Exam,End Semester Practical Exam,50,50,2026-04-28,graded
625,213,24HS103T,2025-26-EVEN,IA,Internal Assessment,25,25,2026-03-04,graded
626,213,24HS103T,2025-26-EVEN,Mid-Sem,Mid Semester Exam,25,25,2026-02-13,graded
627,213,24HS103T,2025-26-EVEN,End-Sem,End Semester Exam,100,50,2026-05-15,graded
628,214,24HS104T,2025-26-EVEN,IA,Internal Assessment,25,25,2026-03-02,graded
629,214,24HS104T,2025-26-EVEN,Mid-Sem,Mid Semester Exam,25,25,2026-02-12,graded
630,214,24HS104T,2025-26-EVEN,End-Sem,End Semester Exam,100,50,2026-05-17,graded
631,215,24HS105T,2025-26-EVEN,IA,Internal Assessment,25,25,2026-03-06,graded
632,215,24HS105T,2025-26-EVEN,Mid-Sem,Mid Semester Exam,25,25,2026-02-11,graded
633,215,24HS105T,2025-26-EVEN,End-Sem,End Semester Exam,100,50,2026-05-19,graded
634,216,24YOG101,2025-26-EVEN,IA,Internal Assessment,25,25,2026-03-02,graded
635,216,24YOG101,2025-26-EVEN,Mid-Sem,Mid Semester Exam,25,25,2026-02-12,graded
636,216,24YOG101,2025-26-EVEN,End-Sem,End Semester Exam,100,50,2026-05-17,graded
637,217,24NSS101,2025-26-EVEN,IA,Internal Assessment,25,25,2026-03-06,graded
638,217,24NSS101,2025-26-EVEN,Mid-Sem,Mid Semester Exam,25,25,2026-02-11,graded
639,217,24NSS101,2025-26-EVEN,End-Sem,End Semester Exam,100,50,2026-05-12,graded
640,218,24NCC101,2025-26-EVEN,IA,Internal Assessment,25,25,2026-03-06,graded
641,218,24NCC101,2025-26-EVEN,Mid-Sem,Mid Semester Exam,25,25,2026-02-09,graded
642,218,24NCC101,2025-26-EVEN,End-Sem,End Semester Exam,100,50,2026-05-13,graded
643,219,24HS105T,2025-26-EVEN,IA,Internal Assessment,25,25,2026-03-03,graded
644,219,24HS105T,2025-26-EVEN,Mid-Sem,Mid Semester Exam,25,25,2026-02-10,graded
645,219,24HS105T,2025-26-EVEN,End-Sem,End Semester Exam,100,50,2026-05-19,graded
646,220,24MA103T,2025-26-EVEN,IA,Internal Assessment,25,25,2026-03-05,graded
647,220,24MA103T,2025-26-EVEN,Mid-Sem,Mid Semester Exam,25,25,2026-02-10,graded
648,220,24MA103T,2025-26-EVEN,End-Sem,End Semester Exam,100,50,2026-05-12,graded
649,221,24CH101T,2025-26-EVEN,IA,Internal Assessment,25,25,2026-03-02,graded
650,221,24CH101T,2025-26-EVEN,Mid-Sem,Mid Semester Exam,25,25,2026-02-12,graded
651,221,24CH101T,2025-26-EVEN,End-Sem,End Semester Exam,100,50,2026-05-18,graded
652,222,24CH101P,2025-26-EVEN,Mid-Sem-Viva,Mid Semester Viva,25,25,2026-03-11,graded
653,222,24CH101P,2025-26-EVEN,Lab-File,Practical Lab File,25,25,2026-04-24,graded
654,222,24CH101P,2025-26-EVEN,Lab-Exam,End Semester Practical Exam,50,50,2026-05-01,graded
655,223,24CH101P,2025-26-EVEN,Mid-Sem-Viva,Mid Semester Viva,25,25,2026-03-13,graded
656,223,24CH101P,2025-26-EVEN,Lab-File,Practical Lab File,25,25,2026-04-21,graded
657,223,24CH101P,2025-26-EVEN,Lab-Exam,End Semester Practical Exam,50,50,2026-04-28,graded
658,224,24EE101T,2025-26-EVEN,IA,Internal Assessment,25,25,2026-03-06,graded
659,224,24EE101T,2025-26-EVEN,Mid-Sem,Mid Semester Exam,25,25,2026-02-10,graded
660,224,24EE101T,2025-26-EVEN,End-Sem,End Semester Exam,100,50,2026-05-17,graded
661,225,24EE101P,2025-26-EVEN,Mid-Sem-Viva,Mid Semester Viva,25,25,2026-03-09,graded
662,225,24EE101P,2025-26-EVEN,Lab-File,Practical Lab File,25,25,2026-04-24,graded
663,225,24EE101P,2025-26-EVEN,Lab-Exam,End Semester Practical Exam,50,50,2026-05-01,graded
664,226,24EE101P,2025-26-EVEN,Mid-Sem-Viva,Mid Semester Viva,25,25,2026-03-10,graded
665,226,24EE101P,2025-26-EVEN,Lab-File,Practical Lab File,25,25,2026-04-23,graded
666,226,24EE101P,2025-26-EVEN,Lab-Exam,End Semester Practical Exam,50,50,2026-04-30,graded
667,227,24ME102P,2025-26-EVEN,Mid-Sem-Viva,Mid Semester Viva,25,25,2026-03-13,graded
668,227,24ME102P,2025-26-EVEN,Lab-File,Practical Lab File,25,25,2026-04-24,graded
669,227,24ME102P,2025-26-EVEN,Lab-Exam,End Semester Practical Exam,50,50,2026-05-01,graded
670,228,24ME102P,2025-26-EVEN,Mid-Sem-Viva,Mid Semester Viva,25,25,2026-03-09,graded
671,228,24ME102P,2025-26-EVEN,Lab-File,Practical Lab File,25,25,2026-04-23,graded
672,228,24ME102P,2025-26-EVEN,Lab-Exam,End Semester Practical Exam,50,50,2026-04-30,graded
673,229,24YOG101,2025-26-EVEN,IA,Internal Assessment,25,25,2026-03-06,graded
674,229,24YOG101,2025-26-EVEN,Mid-Sem,Mid Semester Exam,25,25,2026-02-12,graded
675,229,24YOG101,2025-26-EVEN,End-Sem,End Semester Exam,100,50,2026-05-17,graded
676,230,24NCC101,2025-26-EVEN,IA,Internal Assessment,25,25,2026-03-04,graded
677,230,24NCC101,2025-26-EVEN,Mid-Sem,Mid Semester Exam,25,25,2026-02-10,graded
678,230,24NCC101,2025-26-EVEN,End-Sem,End Semester Exam,100,50,2026-05-13,graded
679,231,24NSS101,2025-26-EVEN,IA,Internal Assessment,25,25,2026-03-02,graded
680,231,24NSS101,2025-26-EVEN,Mid-Sem,Mid Semester Exam,25,25,2026-02-12,graded
681,231,24NSS101,2025-26-EVEN,End-Sem,End Semester Exam,100,50,2026-05-12,graded
682,232,24HS104T,2025-26-EVEN,IA,Internal Assessment,25,25,2026-03-03,graded
683,232,24HS104T,2025-26-EVEN,Mid-Sem,Mid Semester Exam,25,25,2026-02-11,graded
684,232,24HS104T,2025-26-EVEN,End-Sem,End Semester Exam,100,50,2026-05-17,graded
685,233,24CP102T,2025-26-EVEN,IA,Internal Assessment,25,25,2026-03-02,graded
686,233,24CP102T,2025-26-EVEN,Mid-Sem,Mid Semester Exam,25,25,2026-02-13,graded
687,233,24CP102T,2025-26-EVEN,End-Sem,End Semester Exam,100,50,2026-05-19,graded
688,234,24CP102P,2025-26-EVEN,Mid-Sem-Viva,Mid Semester Viva,25,25,2026-03-12,graded
689,234,24CP102P,2025-26-EVEN,Lab-File,Practical Lab File,25,25,2026-04-21,graded
690,234,24CP102P,2025-26-EVEN,Lab-Exam,End Semester Practical Exam,50,50,2026-04-28,graded
691,235,24CP102P,2025-26-EVEN,Mid-Sem-Viva,Mid Semester Viva,25,25,2026-03-09,graded
692,235,24CP102P,2025-26-EVEN,Lab-File,Practical Lab File,25,25,2026-04-24,graded
693,235,24CP102P,2025-26-EVEN,Lab-Exam,End Semester Practical Exam,50,50,2026-05-01,graded
694,236,24HS105T,2025-26-EVEN,IA,Internal Assessment,25,25,2026-03-02,graded
695,236,24HS105T,2025-26-EVEN,Mid-Sem,Mid Semester Exam,25,25,2026-02-11,graded
696,236,24HS105T,2025-26-EVEN,End-Sem,End Semester Exam,100,50,2026-05-19,graded
697,237,24MA103T,2025-26-EVEN,IA,Internal Assessment,25,25,2026-03-03,graded
698,237,24MA103T,2025-26-EVEN,Mid-Sem,Mid Semester Exam,25,25,2026-02-10,graded
699,237,24MA103T,2025-26-EVEN,End-Sem,End Semester Exam,100,50,2026-05-12,graded
700,238,24CP102T,2025-26-EVEN,IA,Internal Assessment,25,25,2026-03-02,graded
701,238,24CP102T,2025-26-EVEN,Mid-Sem,Mid Semester Exam,25,25,2026-02-13,graded
702,238,24CP102T,2025-26-EVEN,End-Sem,End Semester Exam,100,50,2026-05-19,graded
703,239,24CP102P,2025-26-EVEN,Mid-Sem-Viva,Mid Semester Viva,25,25,2026-03-11,graded
704,239,24CP102P,2025-26-EVEN,Lab-File,Practical Lab File,25,25,2026-04-22,graded
705,239,24CP102P,2025-26-EVEN,Lab-Exam,End Semester Practical Exam,50,50,2026-04-29,graded
706,240,24CP102P,2025-26-EVEN,Mid-Sem-Viva,Mid Semester Viva,25,25,2026-03-09,graded
707,240,24CP102P,2025-26-EVEN,Lab-File,Practical Lab File,25,25,2026-04-20,graded
708,240,24CP102P,2025-26-EVEN,Lab-Exam,End Semester Practical Exam,50,50,2026-04-27,graded
709,241,24PH103T,2025-26-EVEN,IA,Internal Assessment,25,25,2026-03-05,graded
710,241,24PH103T,2025-26-EVEN,Mid-Sem,Mid Semester Exam,25,25,2026-02-11,graded
711,241,24PH103T,2025-26-EVEN,End-Sem,End Semester Exam,100,50,2026-05-13,graded
712,242,24PH103P,2025-26-EVEN,Mid-Sem-Viva,Mid Semester Viva,25,25,2026-03-12,graded
713,242,24PH103P,2025-26-EVEN,Lab-File,Practical Lab File,25,25,2026-04-20,graded
714,242,24PH103P,2025-26-EVEN,Lab-Exam,End Semester Practical Exam,50,50,2026-04-27,graded
715,243,24PH103P,2025-26-EVEN,Mid-Sem-Viva,Mid Semester Viva,25,25,2026-03-12,graded
716,243,24PH103P,2025-26-EVEN,Lab-File,Practical Lab File,25,25,2026-04-21,graded
717,243,24PH103P,2025-26-EVEN,Lab-Exam,End Semester Practical Exam,50,50,2026-04-28,graded
718,244,24ME101P,2025-26-EVEN,Mid-Sem-Viva,Mid Semester Viva,25,25,2026-03-12,graded
719,244,24ME101P,2025-26-EVEN,Lab-File,Practical Lab File,25,25,2026-04-23,graded
720,244,24ME101P,2025-26-EVEN,Lab-Exam,End Semester Practical Exam,50,50,2026-04-30,graded
721,245,24ME101P,2025-26-EVEN,Mid-Sem-Viva,Mid Semester Viva,25,25,2026-03-11,graded
722,245,24ME101P,2025-26-EVEN,Lab-File,Practical Lab File,25,25,2026-04-23,graded
723,245,24ME101P,2025-26-EVEN,Lab-Exam,End Semester Practical Exam,50,50,2026-04-30,graded
724,246,24ME102P,2025-26-EVEN,Mid-Sem-Viva,Mid Semester Viva,25,25,2026-03-09,graded
725,246,24ME102P,2025-26-EVEN,Lab-File,Practical Lab File,25,25,2026-04-21,graded
726,246,24ME102P,2025-26-EVEN,Lab-Exam,End Semester Practical Exam,50,50,2026-04-28,graded
727,247,24ME102P,2025-26-EVEN,Mid-Sem-Viva,Mid Semester Viva,25,25,2026-03-10,graded
728,247,24ME102P,2025-26-EVEN,Lab-File,Practical Lab File,25,25,2026-04-21,graded
729,247,24ME102P,2025-26-EVEN,Lab-Exam,End Semester Practical Exam,50,50,2026-04-28,graded
730,248,24CV101T,2025-26-EVEN,IA,Internal Assessment,25,25,2026-03-03,graded
731,248,24CV101T,2025-26-EVEN,Mid-Sem,Mid Semester Exam,25,25,2026-02-10,graded
732,248,24CV101T,2025-26-EVEN,End-Sem,End Semester Exam,100,50,2026-05-11,graded
733,249,24HS102T,2025-26-EVEN,IA,Internal Assessment,25,25,2026-03-04,graded
734,249,24HS102T,2025-26-EVEN,Mid-Sem,Mid Semester Exam,25,25,2026-02-13,graded
735,249,24HS102T,2025-26-EVEN,End-Sem,End Semester Exam,100,50,2026-05-21,graded
736,250,24HS103T,2025-26-EVEN,IA,Internal Assessment,25,25,2026-03-04,graded
737,250,24HS103T,2025-26-EVEN,Mid-Sem,Mid Semester Exam,25,25,2026-02-13,graded
738,250,24HS103T,2025-26-EVEN,End-Sem,End Semester Exam,100,50,2026-05-15,graded
739,251,24HS101T,2025-26-ODD,IA,Internal Assessment,25,25,2025-08-13,graded
740,251,24HS101T,2025-26-ODD,Mid-Sem,Mid Semester Exam,25,25,2025-08-18,graded
741,251,24HS101T,2025-26-ODD,End-Sem,End Semester Exam,100,50,2025-11-27,graded
742,252,24MA101T,2025-26-ODD,IA,Internal Assessment,25,25,2025-08-13,graded
743,252,24MA101T,2025-26-ODD,Mid-Sem,Mid Semester Exam,25,25,2025-08-19,graded
744,252,24MA101T,2025-26-ODD,End-Sem,End Semester Exam,100,50,2025-11-24,graded
745,253,24PH102T,2025-26-ODD,IA,Internal Assessment,25,25,2025-08-15,graded
746,253,24PH102T,2025-26-ODD,Mid-Sem,Mid Semester Exam,25,25,2025-08-18,graded
747,253,24PH102T,2025-26-ODD,End-Sem,End Semester Exam,100,50,2025-11-17,graded
748,254,24PH102P,2025-26-ODD,Mid-Sem-Viva,Mid Semester Viva,25,25,2025-08-22,graded
749,254,24PH102P,2025-26-ODD,Lab-File,Practical Lab File,25,25,2025-10-02,graded
750,254,24PH102P,2025-26-ODD,Lab-Exam,End Semester Practical Exam,50,50,2025-10-09,graded
751,255,24PH102P,2025-26-ODD,Mid-Sem-Viva,Mid Semester Viva,25,25,2025-08-22,graded
752,255,24PH102P,2025-26-ODD,Lab-File,Practical Lab File,25,25,2025-10-02,graded
753,255,24PH102P,2025-26-ODD,Lab-Exam,End Semester Practical Exam,50,50,2025-10-09,graded
754,256,24CV101T,2025-26-ODD,IA,Internal Assessment,25,25,2025-08-13,graded
755,256,24CV101T,2025-26-ODD,Mid-Sem,Mid Semester Exam,25,25,2025-08-21,graded
756,256,24CV101T,2025-26-ODD,End-Sem,End Semester Exam,100,50,2025-11-20,graded
757,257,24ME101P,2025-26-ODD,Mid-Sem-Viva,Mid Semester Viva,25,25,2025-08-21,graded
758,257,24ME101P,2025-26-ODD,Lab-File,Practical Lab File,25,25,2025-10-02,graded
759,257,24ME101P,2025-26-ODD,Lab-Exam,End Semester Practical Exam,50,50,2025-10-09,graded
760,258,24ME101P,2025-26-ODD,Mid-Sem-Viva,Mid Semester Viva,25,25,2025-08-21,graded
761,258,24ME101P,2025-26-ODD,Lab-File,Practical Lab File,25,25,2025-10-02,graded
762,258,24ME101P,2025-26-ODD,Lab-Exam,End Semester Practical Exam,50,50,2025-10-09,graded
763,259,24BT102T,2025-26-ODD,IA,Internal Assessment,25,25,2025-08-14,graded
764,259,24BT102T,2025-26-ODD,Mid-Sem,Mid Semester Exam,25,25,2025-08-18,graded
765,259,24BT102T,2025-26-ODD,End-Sem,End Semester Exam,100,50,2025-11-25,graded
766,260,24CP101T,2025-26-ODD,IA,Internal Assessment,25,25,2025-08-15,graded
767,260,24CP101T,2025-26-ODD,Mid-Sem,Mid Semester Exam,25,25,2025-08-18,graded
768,260,24CP101T,2025-26-ODD,End-Sem,End Semester Exam,100,50,2025-11-23,graded
769,261,24CP101P,2025-26-ODD,Mid-Sem-Viva,Mid Semester Viva,25,25,2025-08-20,graded
770,261,24CP101P,2025-26-ODD,Lab-File,Practical Lab File,25,25,2025-10-02,graded
771,261,24CP101P,2025-26-ODD,Lab-Exam,End Semester Practical Exam,50,50,2025-10-09,graded
772,262,24CP101P,2025-26-ODD,Mid-Sem-Viva,Mid Semester Viva,25,25,2025-08-20,graded
773,262,24CP101P,2025-26-ODD,Lab-File,Practical Lab File,25,25,2025-10-02,graded
774,262,24CP101P,2025-26-ODD,Lab-Exam,End Semester Practical Exam,50,50,2025-10-09,graded
775,263,24HS102T,2025-26-ODD,IA,Internal Assessment,25,25,2025-08-13,graded
776,263,24HS102T,2025-26-ODD,Mid-Sem,Mid Semester Exam,25,25,2025-08-18,graded
777,263,24HS102T,2025-26-ODD,End-Sem,End Semester Exam,100,50,2025-11-21,graded
778,264,24HS103T,2025-26-ODD,IA,Internal Assessment,25,25,2025-08-14,graded
779,264,24HS103T,2025-26-ODD,Mid-Sem,Mid Semester Exam,25,25,2025-08-22,graded
780,264,24HS103T,2025-26-ODD,End-Sem,End Semester Exam,100,50,2025-11-18,graded
781,265,24MA101T,2025-26-ODD,IA,Internal Assessment,25,25,2025-08-13,graded
782,265,24MA101T,2025-26-ODD,Mid-Sem,Mid Semester Exam,25,25,2025-08-19,graded
783,265,24MA101T,2025-26-ODD,End-Sem,End Semester Exam,100,50,2025-11-24,graded
784,266,24HS101T,2025-26-ODD,IA,Internal Assessment,25,25,2025-08-13,graded
785,266,24HS101T,2025-26-ODD,Mid-Sem,Mid Semester Exam,25,25,2025-08-18,graded
786,266,24HS101T,2025-26-ODD,End-Sem,End Semester Exam,100,50,2025-11-27,graded
787,267,24CP101T,2025-26-ODD,IA,Internal Assessment,25,25,2025-08-15,graded
788,267,24CP101T,2025-26-ODD,Mid-Sem,Mid Semester Exam,25,25,2025-08-18,graded
789,267,24CP101T,2025-26-ODD,End-Sem,End Semester Exam,100,50,2025-11-23,graded
790,268,24CP101P,2025-26-ODD,Mid-Sem-Viva,Mid Semester Viva,25,25,2025-08-20,graded
791,268,24CP101P,2025-26-ODD,Lab-File,Practical Lab File,25,25,2025-10-02,graded
792,268,24CP101P,2025-26-ODD,Lab-Exam,End Semester Practical Exam,50,50,2025-10-09,graded
793,269,24CP101P,2025-26-ODD,Mid-Sem-Viva,Mid Semester Viva,25,25,2025-08-20,graded
794,269,24CP101P,2025-26-ODD,Lab-File,Practical Lab File,25,25,2025-10-02,graded
795,269,24CP101P,2025-26-ODD,Lab-Exam,End Semester Practical Exam,50,50,2025-10-09,graded
796,270,24CH101T,2025-26-ODD,IA,Internal Assessment,25,25,2025-08-14,graded
797,270,24CH101T,2025-26-ODD,Mid-Sem,Mid Semester Exam,25,25,2025-08-20,graded
798,270,24CH101T,2025-26-ODD,End-Sem,End Semester Exam,100,50,2025-11-21,graded
799,271,24CH101P,2025-26-ODD,Mid-Sem-Viva,Mid Semester Viva,25,25,2025-08-19,graded
800,271,24CH101P,2025-26-ODD,Lab-File,Practical Lab File,25,25,2025-09-30,graded
801,271,24CH101P,2025-26-ODD,Lab-Exam,End Semester Practical Exam,50,50,2025-10-07,graded
802,272,24CH101P,2025-26-ODD,Mid-Sem-Viva,Mid Semester Viva,25,25,2025-08-19,graded
803,272,24CH101P,2025-26-ODD,Lab-File,Practical Lab File,25,25,2025-09-30,graded
804,272,24CH101P,2025-26-ODD,Lab-Exam,End Semester Practical Exam,50,50,2025-10-07,graded
805,273,24EE101T,2025-26-ODD,IA,Internal Assessment,25,25,2025-08-14,graded
806,273,24EE101T,2025-26-ODD,Mid-Sem,Mid Semester Exam,25,25,2025-08-20,graded
807,273,24EE101T,2025-26-ODD,End-Sem,End Semester Exam,100,50,2025-11-20,graded
808,274,24EE101P,2025-26-ODD,Mid-Sem-Viva,Mid Semester Viva,25,25,2025-08-22,graded
809,274,24EE101P,2025-26-ODD,Lab-File,Practical Lab File,25,25,2025-09-30,graded
810,274,24EE101P,2025-26-ODD,Lab-Exam,End Semester Practical Exam,50,50,2025-10-10,graded
811,275,24EE101P,2025-26-ODD,Mid-Sem-Viva,Mid Semester Viva,25,25,2025-08-22,graded
812,275,24EE101P,2025-26-ODD,Lab-File,Practical Lab File,25,25,2025-09-30,graded
813,275,24EE101P,2025-26-ODD,Lab-Exam,End Semester Practical Exam,50,50,2025-10-10,graded
814,276,24BT101T,2025-26-ODD,IA,Internal Assessment,25,25,2025-08-15,graded
815,276,24BT101T,2025-26-ODD,Mid-Sem,Mid Semester Exam,25,25,2025-08-18,graded
816,276,24BT101T,2025-26-ODD,End-Sem,End Semester Exam,100,50,2025-11-22,graded
817,277,24HS104T,2025-26-ODD,IA,Internal Assessment,25,25,2025-08-12,graded
818,277,24HS104T,2025-26-ODD,Mid-Sem,Mid Semester Exam,25,25,2025-08-20,graded
819,277,24HS104T,2025-26-ODD,End-Sem,End Semester Exam,100,50,2025-11-22,graded
820,278,24YOG101,2025-26-ODD,IA,Internal Assessment,25,25,2025-08-12,graded
821,278,24YOG101,2025-26-ODD,Mid-Sem,Mid Semester Exam,25,25,2025-08-21,graded
822,278,24YOG101,2025-26-ODD,End-Sem,End Semester Exam,100,50,2025-11-26,graded
823,279,24NSS101,2025-26-ODD,IA,Internal Assessment,25,25,2025-08-11,graded
824,279,24NSS101,2025-26-ODD,Mid-Sem,Mid Semester Exam,25,25,2025-08-21,graded
825,279,24NSS101,2025-26-ODD,End-Sem,End Semester Exam,100,50,2025-11-21,graded
826,280,24NCC101,2025-26-ODD,IA,Internal Assessment,25,25,2025-08-11,graded
827,280,24NCC101,2025-26-ODD,Mid-Sem,Mid Semester Exam,25,25,2025-08-19,graded
828,280,24NCC101,2025-26-ODD,End-Sem,End Semester Exam,100,50,2025-11-22,graded
829,281,24HS101T,2025-26-ODD,IA,Internal Assessment,25,25,2025-08-13,graded
830,281,24HS101T,2025-26-ODD,Mid-Sem,Mid Semester Exam,25,25,2025-08-18,graded
831,281,24HS101T,2025-26-ODD,End-Sem,End Semester Exam,100,50,2025-11-27,graded
832,282,24MA101T,2025-26-ODD,IA,Internal Assessment,25,25,2025-08-13,graded
833,282,24MA101T,2025-26-ODD,Mid-Sem,Mid Semester Exam,25,25,2025-08-19,graded
834,282,24MA101T,2025-26-ODD,End-Sem,End Semester Exam,100,50,2025-11-24,graded
835,283,24PH102T,2025-26-ODD,IA,Internal Assessment,25,25,2025-08-15,graded
836,283,24PH102T,2025-26-ODD,Mid-Sem,Mid Semester Exam,25,25,2025-08-18,graded
837,283,24PH102T,2025-26-ODD,End-Sem,End Semester Exam,100,50,2025-11-17,graded
838,284,24PH102P,2025-26-ODD,Mid-Sem-Viva,Mid Semester Viva,25,25,2025-08-22,graded
839,284,24PH102P,2025-26-ODD,Lab-File,Practical Lab File,25,25,2025-10-02,graded
840,284,24PH102P,2025-26-ODD,Lab-Exam,End Semester Practical Exam,50,50,2025-10-09,graded
841,285,24PH102P,2025-26-ODD,Mid-Sem-Viva,Mid Semester Viva,25,25,2025-08-22,graded
842,285,24PH102P,2025-26-ODD,Lab-File,Practical Lab File,25,25,2025-10-02,graded
843,285,24PH102P,2025-26-ODD,Lab-Exam,End Semester Practical Exam,50,50,2025-10-09,graded
844,286,24CV101T,2025-26-ODD,IA,Internal Assessment,25,25,2025-08-13,graded
845,286,24CV101T,2025-26-ODD,Mid-Sem,Mid Semester Exam,25,25,2025-08-21,graded
846,286,24CV101T,2025-26-ODD,End-Sem,End Semester Exam,100,50,2025-11-20,graded
847,287,24ME101P,2025-26-ODD,Mid-Sem-Viva,Mid Semester Viva,25,25,2025-08-21,graded
848,287,24ME101P,2025-26-ODD,Lab-File,Practical Lab File,25,25,2025-10-02,graded
849,287,24ME101P,2025-26-ODD,Lab-Exam,End Semester Practical Exam,50,50,2025-10-09,graded
850,288,24ME101P,2025-26-ODD,Mid-Sem-Viva,Mid Semester Viva,25,25,2025-08-21,graded
851,288,24ME101P,2025-26-ODD,Lab-File,Practical Lab File,25,25,2025-10-02,graded
852,288,24ME101P,2025-26-ODD,Lab-Exam,End Semester Practical Exam,50,50,2025-10-09,graded
853,289,24ME102P,2025-26-ODD,Mid-Sem-Viva,Mid Semester Viva,25,25,2025-08-20,graded
854,289,24ME102P,2025-26-ODD,Lab-File,Practical Lab File,25,25,2025-10-02,graded
855,289,24ME102P,2025-26-ODD,Lab-Exam,End Semester Practical Exam,50,50,2025-10-09,graded
856,290,24ME102P,2025-26-ODD,Mid-Sem-Viva,Mid Semester Viva,25,25,2025-08-20,graded
857,290,24ME102P,2025-26-ODD,Lab-File,Practical Lab File,25,25,2025-10-02,graded
858,290,24ME102P,2025-26-ODD,Lab-Exam,End Semester Practical Exam,50,50,2025-10-09,graded
859,291,24CP101T,2025-26-ODD,IA,Internal Assessment,25,25,2025-08-15,graded
860,291,24CP101T,2025-26-ODD,Mid-Sem,Mid Semester Exam,25,25,2025-08-18,graded
861,291,24CP101T,2025-26-ODD,End-Sem,End Semester Exam,100,50,2025-11-23,graded
862,292,24CP101P,2025-26-ODD,Mid-Sem-Viva,Mid Semester Viva,25,25,2025-08-20,graded
863,292,24CP101P,2025-26-ODD,Lab-File,Practical Lab File,25,25,2025-10-02,graded
864,292,24CP101P,2025-26-ODD,Lab-Exam,End Semester Practical Exam,50,50,2025-10-09,graded
865,293,24CP101P,2025-26-ODD,Mid-Sem-Viva,Mid Semester Viva,25,25,2025-08-20,graded
866,293,24CP101P,2025-26-ODD,Lab-File,Practical Lab File,25,25,2025-10-02,graded
867,293,24CP101P,2025-26-ODD,Lab-Exam,End Semester Practical Exam,50,50,2025-10-09,graded
868,294,24HS102T,2025-26-ODD,IA,Internal Assessment,25,25,2025-08-13,graded
869,294,24HS102T,2025-26-ODD,Mid-Sem,Mid Semester Exam,25,25,2025-08-18,graded
870,294,24HS102T,2025-26-ODD,End-Sem,End Semester Exam,100,50,2025-11-21,graded
871,295,24HS103T,2025-26-ODD,IA,Internal Assessment,25,25,2025-08-14,graded
872,295,24HS103T,2025-26-ODD,Mid-Sem,Mid Semester Exam,25,25,2025-08-22,graded
873,295,24HS103T,2025-26-ODD,End-Sem,End Semester Exam,100,50,2025-11-18,graded
874,296,24HS101T,2025-26-ODD,IA,Internal Assessment,25,25,2025-08-13,graded
875,296,24HS101T,2025-26-ODD,Mid-Sem,Mid Semester Exam,25,25,2025-08-18,graded
876,296,24HS101T,2025-26-ODD,End-Sem,End Semester Exam,100,50,2025-11-27,graded
877,297,24MA101T,2025-26-ODD,IA,Internal Assessment,25,25,2025-08-13,graded
878,297,24MA101T,2025-26-ODD,Mid-Sem,Mid Semester Exam,25,25,2025-08-19,graded
879,297,24MA101T,2025-26-ODD,End-Sem,End Semester Exam,100,50,2025-11-24,graded
880,298,24PH101T,2025-26-ODD,IA,Internal Assessment,25,25,2025-08-14,graded
881,298,24PH101T,2025-26-ODD,Mid-Sem,Mid Semester Exam,25,25,2025-08-22,graded
882,298,24PH101T,2025-26-ODD,End-Sem,End Semester Exam,100,50,2025-11-23,graded
883,299,24PH101P,2025-26-ODD,Mid-Sem-Viva,Mid Semester Viva,25,25,2025-08-22,graded
884,299,24PH101P,2025-26-ODD,Lab-File,Practical Lab File,25,25,2025-09-29,graded
885,299,24PH101P,2025-26-ODD,Lab-Exam,End Semester Practical Exam,50,50,2025-10-09,graded
886,300,24PH101P,2025-26-ODD,Mid-Sem-Viva,Mid Semester Viva,25,25,2025-08-22,graded
887,300,24PH101P,2025-26-ODD,Lab-File,Practical Lab File,25,25,2025-09-29,graded
888,300,24PH101P,2025-26-ODD,Lab-Exam,End Semester Practical Exam,50,50,2025-10-09,graded
889,301,24CV101T,2025-26-ODD,IA,Internal Assessment,25,25,2025-08-13,graded
890,301,24CV101T,2025-26-ODD,Mid-Sem,Mid Semester Exam,25,25,2025-08-21,graded
891,301,24CV101T,2025-26-ODD,End-Sem,End Semester Exam,100,50,2025-11-20,graded
892,302,24ME101P,2025-26-ODD,Mid-Sem-Viva,Mid Semester Viva,25,25,2025-08-21,graded
893,302,24ME101P,2025-26-ODD,Lab-File,Practical Lab File,25,25,2025-10-02,graded
894,302,24ME101P,2025-26-ODD,Lab-Exam,End Semester Practical Exam,50,50,2025-10-09,graded
895,303,24ME101P,2025-26-ODD,Mid-Sem-Viva,Mid Semester Viva,25,25,2025-08-21,graded
896,303,24ME101P,2025-26-ODD,Lab-File,Practical Lab File,25,25,2025-10-02,graded
897,303,24ME101P,2025-26-ODD,Lab-Exam,End Semester Practical Exam,50,50,2025-10-09,graded
898,304,24BT102T,2025-26-ODD,IA,Internal Assessment,25,25,2025-08-14,graded
899,304,24BT102T,2025-26-ODD,Mid-Sem,Mid Semester Exam,25,25,2025-08-18,graded
900,304,24BT102T,2025-26-ODD,End-Sem,End Semester Exam,100,50,2025-11-25,graded
901,305,24CP101T,2025-26-ODD,IA,Internal Assessment,25,25,2025-08-15,graded
902,305,24CP101T,2025-26-ODD,Mid-Sem,Mid Semester Exam,25,25,2025-08-18,graded
903,305,24CP101T,2025-26-ODD,End-Sem,End Semester Exam,100,50,2025-11-23,graded
904,306,24CP101P,2025-26-ODD,Mid-Sem-Viva,Mid Semester Viva,25,25,2025-08-20,graded
905,306,24CP101P,2025-26-ODD,Lab-File,Practical Lab File,25,25,2025-10-02,graded
906,306,24CP101P,2025-26-ODD,Lab-Exam,End Semester Practical Exam,50,50,2025-10-09,graded
907,307,24CP101P,2025-26-ODD,Mid-Sem-Viva,Mid Semester Viva,25,25,2025-08-20,graded
908,307,24CP101P,2025-26-ODD,Lab-File,Practical Lab File,25,25,2025-10-02,graded
909,307,24CP101P,2025-26-ODD,Lab-Exam,End Semester Practical Exam,50,50,2025-10-09,graded
910,308,24HS102T,2025-26-ODD,IA,Internal Assessment,25,25,2025-08-13,graded
911,308,24HS102T,2025-26-ODD,Mid-Sem,Mid Semester Exam,25,25,2025-08-18,graded
912,308,24HS102T,2025-26-ODD,End-Sem,End Semester Exam,100,50,2025-11-21,graded
913,309,24HS103T,2025-26-ODD,IA,Internal Assessment,25,25,2025-08-14,graded
914,309,24HS103T,2025-26-ODD,Mid-Sem,Mid Semester Exam,25,25,2025-08-22,graded
915,309,24HS103T,2025-26-ODD,End-Sem,End Semester Exam,100,50,2025-11-18,graded
916,310,24HS101T,2025-26-ODD,IA,Internal Assessment,25,25,2025-08-13,graded
917,310,24HS101T,2025-26-ODD,Mid-Sem,Mid Semester Exam,25,25,2025-08-18,graded
918,310,24HS101T,2025-26-ODD,End-Sem,End Semester Exam,100,50,2025-11-27,graded
919,311,24MA101T,2025-26-ODD,IA,Internal Assessment,25,25,2025-08-13,graded
920,311,24MA101T,2025-26-ODD,Mid-Sem,Mid Semester Exam,25,25,2025-08-19,graded
921,311,24MA101T,2025-26-ODD,End-Sem,End Semester Exam,100,50,2025-11-24,graded
922,312,24PH102T,2025-26-ODD,IA,Internal Assessment,25,25,2025-08-15,graded
923,312,24PH102T,2025-26-ODD,Mid-Sem,Mid Semester Exam,25,25,2025-08-18,graded
924,312,24PH102T,2025-26-ODD,End-Sem,End Semester Exam,100,50,2025-11-17,graded
925,313,24PH102P,2025-26-ODD,Mid-Sem-Viva,Mid Semester Viva,25,25,2025-08-22,graded
926,313,24PH102P,2025-26-ODD,Lab-File,Practical Lab File,25,25,2025-10-02,graded
927,313,24PH102P,2025-26-ODD,Lab-Exam,End Semester Practical Exam,50,50,2025-10-09,graded
928,314,24PH102P,2025-26-ODD,Mid-Sem-Viva,Mid Semester Viva,25,25,2025-08-22,graded
929,314,24PH102P,2025-26-ODD,Lab-File,Practical Lab File,25,25,2025-10-02,graded
930,314,24PH102P,2025-26-ODD,Lab-Exam,End Semester Practical Exam,50,50,2025-10-09,graded
931,315,24CV101T,2025-26-ODD,IA,Internal Assessment,25,25,2025-08-13,graded
932,315,24CV101T,2025-26-ODD,Mid-Sem,Mid Semester Exam,25,25,2025-08-21,graded
933,315,24CV101T,2025-26-ODD,End-Sem,End Semester Exam,100,50,2025-11-20,graded
934,316,24ME101P,2025-26-ODD,Mid-Sem-Viva,Mid Semester Viva,25,25,2025-08-21,graded
935,316,24ME101P,2025-26-ODD,Lab-File,Practical Lab File,25,25,2025-10-02,graded
936,316,24ME101P,2025-26-ODD,Lab-Exam,End Semester Practical Exam,50,50,2025-10-09,graded
937,317,24ME101P,2025-26-ODD,Mid-Sem-Viva,Mid Semester Viva,25,25,2025-08-21,graded
938,317,24ME101P,2025-26-ODD,Lab-File,Practical Lab File,25,25,2025-10-02,graded
939,317,24ME101P,2025-26-ODD,Lab-Exam,End Semester Practical Exam,50,50,2025-10-09,graded
940,318,24BT102T,2025-26-ODD,IA,Internal Assessment,25,25,2025-08-14,graded
941,318,24BT102T,2025-26-ODD,Mid-Sem,Mid Semester Exam,25,25,2025-08-18,graded
942,318,24BT102T,2025-26-ODD,End-Sem,End Semester Exam,100,50,2025-11-25,graded
943,319,24CP101T,2025-26-ODD,IA,Internal Assessment,25,25,2025-08-15,graded
944,319,24CP101T,2025-26-ODD,Mid-Sem,Mid Semester Exam,25,25,2025-08-18,graded
945,319,24CP101T,2025-26-ODD,End-Sem,End Semester Exam,100,50,2025-11-23,graded
946,320,24CP101P,2025-26-ODD,Mid-Sem-Viva,Mid Semester Viva,25,25,2025-08-20,graded
947,320,24CP101P,2025-26-ODD,Lab-File,Practical Lab File,25,25,2025-10-02,graded
948,320,24CP101P,2025-26-ODD,Lab-Exam,End Semester Practical Exam,50,50,2025-10-09,graded
949,321,24CP101P,2025-26-ODD,Mid-Sem-Viva,Mid Semester Viva,25,25,2025-08-20,graded
950,321,24CP101P,2025-26-ODD,Lab-File,Practical Lab File,25,25,2025-10-02,graded
951,321,24CP101P,2025-26-ODD,Lab-Exam,End Semester Practical Exam,50,50,2025-10-09,graded
952,322,24HS102T,2025-26-ODD,IA,Internal Assessment,25,25,2025-08-13,graded
953,322,24HS102T,2025-26-ODD,Mid-Sem,Mid Semester Exam,25,25,2025-08-18,graded
954,322,24HS102T,2025-26-ODD,End-Sem,End Semester Exam,100,50,2025-11-21,graded
955,323,24HS103T,2025-26-ODD,IA,Internal Assessment,25,25,2025-08-14,graded
956,323,24HS103T,2025-26-ODD,Mid-Sem,Mid Semester Exam,25,25,2025-08-22,graded
957,323,24HS103T,2025-26-ODD,End-Sem,End Semester Exam,100,50,2025-11-18,graded
958,324,24MA101T,2025-26-ODD,IA,Internal Assessment,25,25,2025-08-13,graded
959,324,24MA101T,2025-26-ODD,Mid-Sem,Mid Semester Exam,25,25,2025-08-19,graded
960,324,24MA101T,2025-26-ODD,End-Sem,End Semester Exam,100,50,2025-11-24,graded
961,325,24PH102T,2025-26-ODD,IA,Internal Assessment,25,25,2025-08-15,graded
962,325,24PH102T,2025-26-ODD,Mid-Sem,Mid Semester Exam,25,25,2025-08-18,graded
963,325,24PH102T,2025-26-ODD,End-Sem,End Semester Exam,100,50,2025-11-17,graded
964,326,24PH102P,2025-26-ODD,Mid-Sem-Viva,Mid Semester Viva,25,25,2025-08-22,graded
965,326,24PH102P,2025-26-ODD,Lab-File,Practical Lab File,25,25,2025-10-02,graded
966,326,24PH102P,2025-26-ODD,Lab-Exam,End Semester Practical Exam,50,50,2025-10-09,graded
967,327,24PH102P,2025-26-ODD,Mid-Sem-Viva,Mid Semester Viva,25,25,2025-08-22,graded
968,327,24PH102P,2025-26-ODD,Lab-File,Practical Lab File,25,25,2025-10-02,graded
969,327,24PH102P,2025-26-ODD,Lab-Exam,End Semester Practical Exam,50,50,2025-10-09,graded
970,328,24BT102T,2025-26-ODD,IA,Internal Assessment,25,25,2025-08-14,graded
971,328,24BT102T,2025-26-ODD,Mid-Sem,Mid Semester Exam,25,25,2025-08-18,graded
972,328,24BT102T,2025-26-ODD,End-Sem,End Semester Exam,100,50,2025-11-25,graded
973,329,24CV101T,2025-26-ODD,IA,Internal Assessment,25,25,2025-08-13,graded
974,329,24CV101T,2025-26-ODD,Mid-Sem,Mid Semester Exam,25,25,2025-08-21,graded
975,329,24CV101T,2025-26-ODD,End-Sem,End Semester Exam,100,50,2025-11-20,graded
976,330,24CP101T,2025-26-ODD,IA,Internal Assessment,25,25,2025-08-15,graded
977,330,24CP101T,2025-26-ODD,Mid-Sem,Mid Semester Exam,25,25,2025-08-18,graded
978,330,24CP101T,2025-26-ODD,End-Sem,End Semester Exam,100,50,2025-11-23,graded
979,331,24CP101P,2025-26-ODD,Mid-Sem-Viva,Mid Semester Viva,25,25,2025-08-20,graded
980,331,24CP101P,2025-26-ODD,Lab-File,Practical Lab File,25,25,2025-10-02,graded
981,331,24CP101P,2025-26-ODD,Lab-Exam,End Semester Practical Exam,50,50,2025-10-09,graded
982,332,24CP101P,2025-26-ODD,Mid-Sem-Viva,Mid Semester Viva,25,25,2025-08-20,graded
983,332,24CP101P,2025-26-ODD,Lab-File,Practical Lab File,25,25,2025-10-02,graded
984,332,24CP101P,2025-26-ODD,Lab-Exam,End Semester Practical Exam,50,50,2025-10-09,graded
985,333,24ME101P,2025-26-ODD,Mid-Sem-Viva,Mid Semester Viva,25,25,2025-08-21,graded
986,333,24ME101P,2025-26-ODD,Lab-File,Practical Lab File,25,25,2025-10-02,graded
987,333,24ME101P,2025-26-ODD,Lab-Exam,End Semester Practical Exam,50,50,2025-10-09,graded
988,334,24ME101P,2025-26-ODD,Mid-Sem-Viva,Mid Semester Viva,25,25,2025-08-21,graded
989,334,24ME101P,2025-26-ODD,Lab-File,Practical Lab File,25,25,2025-10-02,graded
990,334,24ME101P,2025-26-ODD,Lab-Exam,End Semester Practical Exam,50,50,2025-10-09,graded
991,335,24ME102P,2025-26-ODD,Mid-Sem-Viva,Mid Semester Viva,25,25,2025-08-20,graded
992,335,24ME102P,2025-26-ODD,Lab-File,Practical Lab File,25,25,2025-10-02,graded
993,335,24ME102P,2025-26-ODD,Lab-Exam,End Semester Practical Exam,50,50,2025-10-09,graded
994,336,24ME102P,2025-26-ODD,Mid-Sem-Viva,Mid Semester Viva,25,25,2025-08-20,graded
995,336,24ME102P,2025-26-ODD,Lab-File,Practical Lab File,25,25,2025-10-02,graded
996,336,24ME102P,2025-26-ODD,Lab-Exam,End Semester Practical Exam,50,50,2025-10-09,graded
997,337,24HS101T,2025-26-ODD,IA,Internal Assessment,25,25,2025-08-13,graded
998,337,24HS101T,2025-26-ODD,Mid-Sem,Mid Semester Exam,25,25,2025-08-18,graded
999,337,24HS101T,2025-26-ODD,End-Sem,End Semester Exam,100,50,2025-11-27,graded
1000,338,24HS102T,2025-26-ODD,IA,Internal Assessment,25,25,2025-08-13,graded
1001,338,24HS102T,2025-26-ODD,Mid-Sem,Mid Semester Exam,25,25,2025-08-18,graded
1002,338,24HS102T,2025-26-ODD,End-Sem,End Semester Exam,100,50,2025-11-21,graded
