id,student_id,offering_id,subject_code,term,status,enrolled_on
1,1,1,24INT151,2026-27-ODD,enrolled,2026-06-16
2,1,2,24MA202T,2026-27-ODD,enrolled,2026-06-16
3,1,3,24CS201T,2026-27-ODD,enrolled,2026-06-16
4,1,4,24CS201P,2026-27-ODD,enrolled,2026-06-16
5,1,6,24CS202T,2026-27-ODD,enrolled,2026-06-16
6,1,7,24CS203T,2026-27-ODD,enrolled,2026-06-16
7,1,8,24CS203P,2026-27-ODD,enrolled,2026-06-16
8,1,10,24CS204T,2026-27-ODD,enrolled,2026-06-16
9,1,11,24CS204P,2026-27-ODD,enrolled,2026-06-16
10,1,153,24HS105T,2025-26-EVEN,enrolled,2026-01-05
11,1,154,24MA103T,2025-26-EVEN,enrolled,2026-01-05
12,1,155,24CH101T,2025-26-EVEN,enrolled,2026-01-05
13,1,156,24CH101P,2025-26-EVEN,enrolled,2026-01-05
14,1,158,24EE101T,2025-26-EVEN,enrolled,2026-01-05
15,1,159,24EE101P,2025-26-EVEN,enrolled,2026-01-05
16,1,161,24BT101T,2025-26-EVEN,enrolled,2026-01-05
17,1,162,24YOG101,2025-26-EVEN,enrolled,2026-01-05
18,1,163,24NCC101,2025-26-EVEN,enrolled,2026-01-05
19,1,164,24NSS101,2025-26-EVEN,enrolled,2026-01-05
20,1,165,24HS104T,2025-26-EVEN,enrolled,2026-01-05
21,1,166,24CP102T,2025-26-EVEN,enrolled,2026-01-05
22,1,167,24CP102P,2025-26-EVEN,enrolled,2026-01-05
23,2,1,24INT151,2026-27-ODD,enrolled,2026-06-16
24,2,2,24MA202T,2026-27-ODD,enrolled,2026-06-16
25,2,3,24CS201T,2026-27-ODD,enrolled,2026-06-16
26,2,4,24CS201P,2026-27-ODD,enrolled,2026-06-16
27,2,6,24CS202T,2026-27-ODD,enrolled,2026-06-16
28,2,7,24CS203T,2026-27-ODD,enrolled,2026-06-16
29,2,8,24CS203P,2026-27-ODD,enrolled,2026-06-16
30,2,10,24CS204T,2026-27-ODD,enrolled,2026-06-16
31,2,11,24CS204P,2026-27-ODD,enrolled,2026-06-16
32,2,153,24HS105T,2025-26-EVEN,enrolled,2026-01-05
33,2,154,24MA103T,2025-26-EVEN,enrolled,2026-01-05
34,2,155,24CH101T,2025-26-EVEN,enrolled,2026-01-05
35,2,156,24CH101P,2025-26-EVEN,enrolled,2026-01-05
36,2,158,24EE101T,2025-26-EVEN,enrolled,2026-01-05
37,2,159,24EE101P,2025-26-EVEN,enrolled,2026-01-05
38,2,161,24BT101T,2025-26-EVEN,enrolled,2026-01-05
39,2,162,24YOG101,2025-26-EVEN,enrolled,2026-01-05
40,2,163,24NCC101,2025-26-EVEN,enrolled,2026-01-05
41,2,164,24NSS101,2025-26-EVEN,enrolled,2026-01-05
42,2,165,24HS104T,2025-26-EVEN,enrolled,2026-01-05
43,2,166,24CP102T,2025-26-EVEN,enrolled,2026-01-05
44,2,167,24CP102P,2025-26-EVEN,enrolled,2026-01-05
45,3,1,24INT151,2026-27-ODD,enrolled,2026-06-16
46,3,2,24MA202T,2026-27-ODD,enrolled,2026-06-16
47,3,3,24CS201T,2026-27-ODD,enrolled,2026-06-16
48,3,4,24CS201P,2026-27-ODD,enrolled,2026-06-16
49,3,6,24CS202T,2026-27-ODD,enrolled,2026-06-16
50,3,7,24CS203T,2026-27-ODD,enrolled,2026-06-16
51,3,8,24CS203P,2026-27-ODD,enrolled,2026-06-16
52,3,10,24CS204T,2026-27-ODD,enrolled,2026-06-16
53,3,11,24CS204P,2026-27-ODD,enrolled,2026-06-16
54,3,153,24HS105T,2025-26-EVEN,enrolled,2026-01-05
55,3,154,24MA103T,2025-26-EVEN,enrolled,2026-01-05
56,3,155,24CH101T,2025-26-EVEN,enrolled,2026-01-05
57,3,156,24CH101P,2025-26-EVEN,enrolled,2026-01-05
58,3,158,24EE101T,2025-26-EVEN,enrolled,2026-01-05
59,3,159,24EE101P,2025-26-EVEN,enrolled,2026-01-05
60,3,161,24BT101T,2025-26-EVEN,enrolled,2026-01-05
61,3,162,24YOG101,2025-26-EVEN,enrolled,2026-01-05
62,3,163,24NCC101,2025-26-EVEN,enrolled,2026-01-05
63,3,164,24NSS101,2025-26-EVEN,enrolled,2026-01-05
64,3,165,24HS104T,2025-26-EVEN,enrolled,2026-01-05
65,3,166,24CP102T,2025-26-EVEN,enrolled,2026-01-05
66,3,167,24CP102P,2025-26-EVEN,enrolled,2026-01-05
67,4,1,24INT151,2026-27-ODD,enrolled,2026-06-16
68,4,2,24MA202T,2026-27-ODD,enrolled,2026-06-16
69,4,3,24CS201T,2026-27-ODD,enrolled,2026-06-16
70,4,4,24CS201P,2026-27-ODD,enrolled,2026-06-16
71,4,6,24CS202T,2026-27-ODD,enrolled,2026-06-16
72,4,7,24CS203T,2026-27-ODD,enrolled,2026-06-16
73,4,8,24CS203P,2026-27-ODD,enrolled,2026-06-16
74,4,10,24CS204T,2026-27-ODD,enrolled,2026-06-16
75,4,11,24CS204P,2026-27-ODD,enrolled,2026-06-16
76,4,153,24HS105T,2025-26-EVEN,enrolled,2026-01-05
77,4,154,24MA103T,2025-26-EVEN,enrolled,2026-01-05
78,4,155,24CH101T,2025-26-EVEN,enrolled,2026-01-05
79,4,156,24CH101P,2025-26-EVEN,enrolled,2026-01-05
80,4,158,24EE101T,2025-26-EVEN,enrolled,2026-01-05
81,4,159,24EE101P,2025-26-EVEN,enrolled,2026-01-05
82,4,161,24BT101T,2025-26-EVEN,enrolled,2026-01-05
83,4,162,24YOG101,2025-26-EVEN,enrolled,2026-01-05
84,4,163,24NCC101,2025-26-EVEN,enrolled,2026-01-05
85,4,164,24NSS101,2025-26-EVEN,enrolled,2026-01-05
86,4,165,24HS104T,2025-26-EVEN,enrolled,2026-01-05
87,4,166,24CP102T,2025-26-EVEN,enrolled,2026-01-05
88,4,167,24CP102P,2025-26-EVEN,enrolled,2026-01-05
89,5,1,24INT151,2026-27-ODD,enrolled,2026-06-16
90,5,2,24MA202T,2026-27-ODD,enrolled,2026-06-16
91,5,3,24CS201T,2026-27-ODD,enrolled,2026-06-16
92,5,4,24CS201P,2026-27-ODD,enrolled,2026-06-16
93,5,6,24CS202T,2026-27-ODD,enrolled,2026-06-16
94,5,7,24CS203T,2026-27-ODD,enrolled,2026-06-16
95,5,8,24CS203P,2026-27-ODD,enrolled,2026-06-16
96,5,10,24CS204T,2026-27-ODD,enrolled,2026-06-16
97,5,11,24CS204P,2026-27-ODD,enrolled,2026-06-16
98,5,153,24HS105T,2025-26-EVEN,enrolled,2026-01-05
99,5,154,24MA103T,2025-26-EVEN,enrolled,2026-01-05
100,5,155,24CH101T,2025-26-EVEN,enrolled,2026-01-05
101,5,156,24CH101P,2025-26-EVEN,enrolled,2026-01-05
102,5,158,24EE101T,2025-26-EVEN,enrolled,2026-01-05
103,5,159,24EE101P,2025-26-EVEN,enrolled,2026-01-05
104,5,161,24BT101T,2025-26-EVEN,enrolled,2026-01-05
105,5,162,24YOG101,2025-26-EVEN,enrolled,2026-01-05
106,5,163,24NCC101,2025-26-EVEN,enrolled,2026-01-05
107,5,164,24NSS101,2025-26-EVEN,enrolled,2026-01-05
108,5,165,24HS104T,2025-26-EVEN,enrolled,2026-01-05
109,5,166,24CP102T,2025-26-EVEN,enrolled,2026-01-05
110,5,167,24CP102P,2025-26-EVEN,enrolled,2026-01-05
111,6,1,24INT151,2026-27-ODD,enrolled,2026-06-16
112,6,2,24MA202T,2026-27-ODD,enrolled,2026-06-16
113,6,3,24CS201T,2026-27-ODD,enrolled,2026-06-16
114,6,4,24CS201P,2026-27-ODD,enrolled,2026-06-16
115,6,6,24CS202T,2026-27-ODD,enrolled,2026-06-16
116,6,7,24CS203T,2026-27-ODD,enrolled,2026-06-16
117,6,8,24CS203P,2026-27-ODD,enrolled,2026-06-16
118,6,10,24CS204T,2026-27-ODD,enrolled,2026-06-16
119,6,11,24CS204P,2026-27-ODD,enrolled,2026-06-16
120,6,153,24HS105T,2025-26-EVEN,enrolled,2026-01-05
121,6,154,24MA103T,2025-26-EVEN,enrolled,2026-01-05
122,6,155,24CH101T,2025-26-EVEN,enrolled,2026-01-05
123,6,156,24CH101P,2025-26-EVEN,enrolled,2026-01-05
124,6,158,24EE101T,2025-26-EVEN,enrolled,2026-01-05
125,6,159,24EE101P,2025-26-EVEN,enrolled,2026-01-05
126,6,161,24BT101T,2025-26-EVEN,enrolled,2026-01-05
127,6,162,24YOG101,2025-26-EVEN,enrolled,2026-01-05
128,6,163,24NCC101,2025-26-EVEN,enrolled,2026-01-05
129,6,164,24NSS101,2025-26-EVEN,enrolled,2026-01-05
130,6,165,24HS104T,2025-26-EVEN,enrolled,2026-01-05
131,6,166,24CP102T,2025-26-EVEN,enrolled,2026-01-05
132,6,167,24CP102P,2025-26-EVEN,enrolled,2026-01-05
133,7,1,24INT151,2026-27-ODD,enrolled,2026-06-16
134,7,2,24MA202T,2026-27-ODD,enrolled,2026-06-16
135,7,3,24CS201T,2026-27-ODD,enrolled,2026-06-16
136,7,4,24CS201P,2026-27-ODD,enrolled,2026-06-16
137,7,6,24CS202T,2026-27-ODD,enrolled,2026-06-16
138,7,7,24CS203T,2026-27-ODD,enrolled,2026-06-16
139,7,8,24CS203P,2026-27-ODD,enrolled,2026-06-16
140,7,10,24CS204T,2026-27-ODD,enrolled,2026-06-16
141,7,11,24CS204P,2026-27-ODD,enrolled,2026-06-16
142,7,153,24HS105T,2025-26-EVEN,enrolled,2026-01-05
143,7,154,24MA103T,2025-26-EVEN,enrolled,2026-01-05
144,7,155,24CH101T,2025-26-EVEN,enrolled,2026-01-05
145,7,156,24CH101P,2025-26-EVEN,enrolled,2026-01-05
146,7,158,24EE101T,2025-26-EVEN,enrolled,2026-01-05
147,7,159,24EE101P,2025-26-EVEN,enrolled,2026-01-05
148,7,161,24BT101T,2025-26-EVEN,enrolled,2026-01-05
149,7,162,24YOG101,2025-26-EVEN,enrolled,2026-01-05
150,7,163,24NCC101,2025-26-EVEN,enrolled,2026-01-05
151,7,164,24NSS101,2025-26-EVEN,enrolled,2026-01-05
152,7,165,24HS104T,2025-26-EVEN,enrolled,2026-01-05
153,7,166,24CP102T,2025-26-EVEN,enrolled,2026-01-05
154,7,167,24CP102P,2025-26-EVEN,enrolled,2026-01-05
155,8,1,24INT151,2026-27-ODD,enrolled,2026-06-16
156,8,2,24MA202T,2026-27-ODD,enrolled,2026-06-16
157,8,3,24CS201T,2026-27-ODD,enrolled,2026-06-16
158,8,4,24CS201P,2026-27-ODD,enrolled,2026-06-16
159,8,6,24CS202T,2026-27-ODD,enrolled,2026-06-16
160,8,7,24CS203T,2026-27-ODD,enrolled,2026-06-16
161,8,8,24CS203P,2026-27-ODD,enrolled,2026-06-16
162,8,10,24CS204T,2026-27-ODD,enrolled,2026-06-16
163,8,11,24CS204P,2026-27-ODD,enrolled,2026-06-16
164,8,153,24HS105T,2025-26-EVEN,enrolled,2026-01-05
165,8,154,24MA103T,2025-26-EVEN,enrolled,2026-01-05
166,8,155,24CH101T,2025-26-EVEN,enrolled,2026-01-05
167,8,156,24CH101P,2025-26-EVEN,enrolled,2026-01-05
168,8,158,24EE101T,2025-26-EVEN,enrolled,2026-01-05
169,8,159,24EE101P,2025-26-EVEN,enrolled,2026-01-05
170,8,161,24BT101T,2025-26-EVEN,enrolled,2026-01-05
171,8,162,24YOG101,2025-26-EVEN,enrolled,2026-01-05
172,8,163,24NCC101,2025-26-EVEN,enrolled,2026-01-05
173,8,164,24NSS101,2025-26-EVEN,enrolled,2026-01-05
174,8,165,24HS104T,2025-26-EVEN,enrolled,2026-01-05
175,8,166,24CP102T,2025-26-EVEN,enrolled,2026-01-05
176,8,167,24CP102P,2025-26-EVEN,enrolled,2026-01-05
177,9,1,24INT151,2026-27-ODD,enrolled,2026-06-16
178,9,2,24MA202T,2026-27-ODD,enrolled,2026-06-16
179,9,3,24CS201T,2026-27-ODD,enrolled,2026-06-16
180,9,5,24CS201P,2026-27-ODD,enrolled,2026-06-16
181,9,6,24CS202T,2026-27-ODD,enrolled,2026-06-16
182,9,7,24CS203T,2026-27-ODD,enrolled,2026-06-16
183,9,9,24CS203P,2026-27-ODD,enrolled,2026-06-16
184,9,10,24CS204T,2026-27-ODD,enrolled,2026-06-16
185,9,12,24CS204P,2026-27-ODD,enrolled,2026-06-16
186,9,153,24HS105T,2025-26-EVEN,enrolled,2026-01-05
187,9,154,24MA103T,2025-26-EVEN,enrolled,2026-01-05
188,9,155,24CH101T,2025-26-EVEN,enrolled,2026-01-05
189,9,157,24CH101P,2025-26-EVEN,enrolled,2026-01-05
190,9,158,24EE101T,2025-26-EVEN,enrolled,2026-01-05
191,9,160,24EE101P,2025-26-EVEN,enrolled,2026-01-05
192,9,161,24BT101T,2025-26-EVEN,enrolled,2026-01-05
193,9,162,24YOG101,2025-26-EVEN,enrolled,2026-01-05
194,9,163,24NCC101,2025-26-EVEN,enrolled,2026-01-05
195,9,164,24NSS101,2025-26-EVEN,enrolled,2026-01-05
196,9,165,24HS104T,2025-26-EVEN,enrolled,2026-01-05
197,9,166,24CP102T,2025-26-EVEN,enrolled,2026-01-05
198,9,168,24CP102P,2025-26-EVEN,enrolled,2026-01-05
199,10,1,24INT151,2026-27-ODD,enrolled,2026-06-16
200,10,2,24MA202T,2026-27-ODD,enrolled,2026-06-16
201,10,3,24CS201T,2026-27-ODD,enrolled,2026-06-16
202,10,5,24CS201P,2026-27-ODD,enrolled,2026-06-16
203,10,6,24CS202T,2026-27-ODD,enrolled,2026-06-16
204,10,7,24CS203T,2026-27-ODD,enrolled,2026-06-16
205,10,9,24CS203P,2026-27-ODD,enrolled,2026-06-16
206,10,10,24CS204T,2026-27-ODD,enrolled,2026-06-16
207,10,12,24CS204P,2026-27-ODD,enrolled,2026-06-16
208,10,153,24HS105T,2025-26-EVEN,enrolled,2026-01-05
209,10,154,24MA103T,2025-26-EVEN,enrolled,2026-01-05
210,10,155,24CH101T,2025-26-EVEN,enrolled,2026-01-05
211,10,157,24CH101P,2025-26-EVEN,enrolled,2026-01-05
212,10,158,24EE101T,2025-26-EVEN,enrolled,2026-01-05
213,10,160,24EE101P,2025-26-EVEN,enrolled,2026-01-05
214,10,161,24BT101T,2025-26-EVEN,enrolled,2026-01-05
215,10,162,24YOG101,2025-26-EVEN,enrolled,2026-01-05
216,10,163,24NCC101,2025-26-EVEN,enrolled,2026-01-05
217,10,164,24NSS101,2025-26-EVEN,enrolled,2026-01-05
218,10,165,24HS104T,2025-26-EVEN,enrolled,2026-01-05
219,10,166,24CP102T,2025-26-EVEN,enrolled,2026-01-05
220,10,168,24CP102P,2025-26-EVEN,enrolled,2026-01-05
221,11,1,24INT151,2026-27-ODD,enrolled,2026-06-16
222,11,2,24MA202T,2026-27-ODD,enrolled,2026-06-16
223,11,3,24CS201T,2026-27-ODD,enrolled,2026-06-16
224,11,5,24CS201P,2026-27-ODD,enrolled,2026-06-16
225,11,6,24CS202T,2026-27-ODD,enrolled,2026-06-16
226,11,7,24CS203T,2026-27-ODD,enrolled,2026-06-16
227,11,9,24CS203P,2026-27-ODD,enrolled,2026-06-16
228,11,10,24CS204T,2026-27-ODD,enrolled,2026-06-16
229,11,12,24CS204P,2026-27-ODD,enrolled,2026-06-16
230,11,153,24HS105T,2025-26-EVEN,enrolled,2026-01-05
231,11,154,24MA103T,2025-26-EVEN,enrolled,2026-01-05
232,11,155,24CH101T,2025-26-EVEN,enrolled,2026-01-05
233,11,157,24CH101P,2025-26-EVEN,enrolled,2026-01-05
234,11,158,24EE101T,2025-26-EVEN,enrolled,2026-01-05
235,11,160,24EE101P,2025-26-EVEN,enrolled,2026-01-05
236,11,161,24BT101T,2025-26-EVEN,enrolled,2026-01-05
237,11,162,24YOG101,2025-26-EVEN,enrolled,2026-01-05
238,11,163,24NCC101,2025-26-EVEN,enrolled,2026-01-05
239,11,164,24NSS101,2025-26-EVEN,enrolled,2026-01-05
240,11,165,24HS104T,2025-26-EVEN,enrolled,2026-01-05
241,11,166,24CP102T,2025-26-EVEN,enrolled,2026-01-05
242,11,168,24CP102P,2025-26-EVEN,enrolled,2026-01-05
243,12,1,24INT151,2026-27-ODD,enrolled,2026-06-16
244,12,2,24MA202T,2026-27-ODD,enrolled,2026-06-16
245,12,3,24CS201T,2026-27-ODD,enrolled,2026-06-16
246,12,5,24CS201P,2026-27-ODD,enrolled,2026-06-16
247,12,6,24CS202T,2026-27-ODD,enrolled,2026-06-16
248,12,7,24CS203T,2026-27-ODD,enrolled,2026-06-16
249,12,9,24CS203P,2026-27-ODD,enrolled,2026-06-16
250,12,10,24CS204T,2026-27-ODD,enrolled,2026-06-16
251,12,12,24CS204P,2026-27-ODD,enrolled,2026-06-16
252,12,153,24HS105T,2025-26-EVEN,enrolled,2026-01-05
253,12,154,24MA103T,2025-26-EVEN,enrolled,2026-01-05
254,12,155,24CH101T,2025-26-EVEN,enrolled,2026-01-05
255,12,157,24CH101P,2025-26-EVEN,enrolled,2026-01-05
256,12,158,24EE101T,2025-26-EVEN,enrolled,2026-01-05
257,12,160,24EE101P,2025-26-EVEN,enrolled,2026-01-05
258,12,161,24BT101T,2025-26-EVEN,enrolled,2026-01-05
259,12,162,24YOG101,2025-26-EVEN,enrolled,2026-01-05
260,12,163,24NCC101,2025-26-EVEN,enrolled,2026-01-05
261,12,164,24NSS101,2025-26-EVEN,enrolled,2026-01-05
262,12,165,24HS104T,2025-26-EVEN,enrolled,2026-01-05
263,12,166,24CP102T,2025-26-EVEN,enrolled,2026-01-05
264,12,168,24CP102P,2025-26-EVEN,enrolled,2026-01-05
265,13,1,24INT151,2026-27-ODD,enrolled,2026-06-16
266,13,2,24MA202T,2026-27-ODD,enrolled,2026-06-16
267,13,3,24CS201T,2026-27-ODD,enrolled,2026-06-16
268,13,5,24CS201P,2026-27-ODD,enrolled,2026-06-16
269,13,6,24CS202T,2026-27-ODD,enrolled,2026-06-16
270,13,7,24CS203T,2026-27-ODD,enrolled,2026-06-16
271,13,9,24CS203P,2026-27-ODD,enrolled,2026-06-16
272,13,10,24CS204T,2026-27-ODD,enrolled,2026-06-16
273,13,12,24CS204P,2026-27-ODD,enrolled,2026-06-16
274,13,153,24HS105T,2025-26-EVEN,enrolled,2026-01-05
275,13,154,24MA103T,2025-26-EVEN,enrolled,2026-01-05
276,13,155,24CH101T,2025-26-EVEN,enrolled,2026-01-05
277,13,157,24CH101P,2025-26-EVEN,enrolled,2026-01-05
278,13,158,24EE101T,2025-26-EVEN,enrolled,2026-01-05
279,13,160,24EE101P,2025-26-EVEN,enrolled,2026-01-05
280,13,161,24BT101T,2025-26-EVEN,enrolled,2026-01-05
281,13,162,24YOG101,2025-26-EVEN,enrolled,2026-01-05
282,13,163,24NCC101,2025-26-EVEN,enrolled,2026-01-05
283,13,164,24NSS101,2025-26-EVEN,enrolled,2026-01-05
284,13,165,24HS104T,2025-26-EVEN,enrolled,2026-01-05
285,13,166,24CP102T,2025-26-EVEN,enrolled,2026-01-05
286,13,168,24CP102P,2025-26-EVEN,enrolled,2026-01-05
287,14,1,24INT151,2026-27-ODD,enrolled,2026-06-16
288,14,2,24MA202T,2026-27-ODD,enrolled,2026-06-16
289,14,3,24CS201T,2026-27-ODD,enrolled,2026-06-16
290,14,5,24CS201P,2026-27-ODD,enrolled,2026-06-16
291,14,6,24CS202T,2026-27-ODD,enrolled,2026-06-16
292,14,7,24CS203T,2026-27-ODD,enrolled,2026-06-16
293,14,9,24CS203P,2026-27-ODD,enrolled,2026-06-16
294,14,10,24CS204T,2026-27-ODD,enrolled,2026-06-16
295,14,12,24CS204P,2026-27-ODD,enrolled,2026-06-16
296,14,153,24HS105T,2025-26-EVEN,enrolled,2026-01-05
297,14,154,24MA103T,2025-26-EVEN,enrolled,2026-01-05
298,14,155,24CH101T,2025-26-EVEN,enrolled,2026-01-05
299,14,157,24CH101P,2025-26-EVEN,enrolled,2026-01-05
300,14,158,24EE101T,2025-26-EVEN,enrolled,2026-01-05
301,14,160,24EE101P,2025-26-EVEN,enrolled,2026-01-05
302,14,161,24BT101T,2025-26-EVEN,enrolled,2026-01-05
303,14,162,24YOG101,2025-26-EVEN,enrolled,2026-01-05
304,14,163,24NCC101,2025-26-EVEN,enrolled,2026-01-05
305,14,164,24NSS101,2025-26-EVEN,enrolled,2026-01-05
306,14,165,24HS104T,2025-26-EVEN,enrolled,2026-01-05
307,14,166,24CP102T,2025-26-EVEN,enrolled,2026-01-05
308,14,168,24CP102P,2025-26-EVEN,enrolled,2026-01-05
309,15,1,24INT151,2026-27-ODD,enrolled,2026-06-16
310,15,2,24MA202T,2026-27-ODD,enrolled,2026-06-16
311,15,3,24CS201T,2026-27-ODD,enrolled,2026-06-16
312,15,5,24CS201P,2026-27-ODD,enrolled,2026-06-16
313,15,6,24CS202T,2026-27-ODD,enrolled,2026-06-16
314,15,7,24CS203T,2026-27-ODD,enrolled,2026-06-16
315,15,9,24CS203P,2026-27-ODD,enrolled,2026-06-16
316,15,10,24CS204T,2026-27-ODD,enrolled,2026-06-16
317,15,12,24CS204P,2026-27-ODD,enrolled,2026-06-16
318,15,153,24HS105T,2025-26-EVEN,enrolled,2026-01-05
319,15,154,24MA103T,2025-26-EVEN,enrolled,2026-01-05
320,15,155,24CH101T,2025-26-EVEN,enrolled,2026-01-05
321,15,157,24CH101P,2025-26-EVEN,enrolled,2026-01-05
322,15,158,24EE101T,2025-26-EVEN,enrolled,2026-01-05
323,15,160,24EE101P,2025-26-EVEN,enrolled,2026-01-05
324,15,161,24BT101T,2025-26-EVEN,enrolled,2026-01-05
325,15,162,24YOG101,2025-26-EVEN,enrolled,2026-01-05
326,15,163,24NCC101,2025-26-EVEN,enrolled,2026-01-05
327,15,164,24NSS101,2025-26-EVEN,enrolled,2026-01-05
328,15,165,24HS104T,2025-26-EVEN,enrolled,2026-01-05
329,15,166,24CP102T,2025-26-EVEN,enrolled,2026-01-05
330,15,168,24CP102P,2025-26-EVEN,enrolled,2026-01-05
331,16,1,24INT151,2026-27-ODD,enrolled,2026-06-16
332,16,2,24MA202T,2026-27-ODD,enrolled,2026-06-16
333,16,3,24CS201T,2026-27-ODD,enrolled,2026-06-16
334,16,5,24CS201P,2026-27-ODD,enrolled,2026-06-16
335,16,6,24CS202T,2026-27-ODD,enrolled,2026-06-16
336,16,7,24CS203T,2026-27-ODD,enrolled,2026-06-16
337,16,9,24CS203P,2026-27-ODD,enrolled,2026-06-16
338,16,10,24CS204T,2026-27-ODD,enrolled,2026-06-16
339,16,12,24CS204P,2026-27-ODD,enrolled,2026-06-16
340,16,153,24HS105T,2025-26-EVEN,enrolled,2026-01-05
341,16,154,24MA103T,2025-26-EVEN,enrolled,2026-01-05
342,16,155,24CH101T,2025-26-EVEN,enrolled,2026-01-05
343,16,157,24CH101P,2025-26-EVEN,enrolled,2026-01-05
344,16,158,24EE101T,2025-26-EVEN,enrolled,2026-01-05
345,16,160,24EE101P,2025-26-EVEN,enrolled,2026-01-05
346,16,161,24BT101T,2025-26-EVEN,enrolled,2026-01-05
347,16,162,24YOG101,2025-26-EVEN,enrolled,2026-01-05
348,16,163,24NCC101,2025-26-EVEN,enrolled,2026-01-05
349,16,164,24NSS101,2025-26-EVEN,enrolled,2026-01-05
350,16,165,24HS104T,2025-26-EVEN,enrolled,2026-01-05
351,16,166,24CP102T,2025-26-EVEN,enrolled,2026-01-05
352,16,168,24CP102P,2025-26-EVEN,enrolled,2026-01-05
353,17,28,24INT151,2026-27-ODD,enrolled,2026-06-16
354,17,29,24IT201T,2026-27-ODD,enrolled,2026-06-16
355,17,30,24IT202T,2026-27-ODD,enrolled,2026-06-16
356,17,31,24IT202P,2026-27-ODD,enrolled,2026-06-16
357,17,33,24IT203T,2026-27-ODD,enrolled,2026-06-16
358,17,34,24IT203P,2026-27-ODD,enrolled,2026-06-16
359,17,36,24IT204T,2026-27-ODD,enrolled,2026-06-16
360,17,37,24IT205T,2026-27-ODD,enrolled,2026-06-16
361,17,38,24MA202T,2026-27-ODD,enrolled,2026-06-16
362,17,169,24HS105T,2025-26-EVEN,enrolled,2026-01-05
363,17,170,24MA103T,2025-26-EVEN,enrolled,2026-01-05
364,17,171,24CH101T,2025-26-EVEN,enrolled,2026-01-05
365,17,172,24CH101P,2025-26-EVEN,enrolled,2026-01-05
366,17,174,24EE101T,2025-26-EVEN,enrolled,2026-01-05
367,17,175,24EE101P,2025-26-EVEN,enrolled,2026-01-05
368,17,177,24ME102P,2025-26-EVEN,enrolled,2026-01-05
369,17,179,24YOG101,2025-26-EVEN,enrolled,2026-01-05
370,17,180,24NCC101,2025-26-EVEN,enrolled,2026-01-05
371,17,181,24NSS101,2025-26-EVEN,enrolled,2026-01-05
372,17,182,24HS104T,2025-26-EVEN,enrolled,2026-01-05
373,17,183,24CP102T,2025-26-EVEN,enrolled,2026-01-05
374,17,184,24CP102P,2025-26-EVEN,enrolled,2026-01-05
375,18,28,24INT151,2026-27-ODD,enrolled,2026-06-16
376,18,29,24IT201T,2026-27-ODD,enrolled,2026-06-16
377,18,30,24IT202T,2026-27-ODD,enrolled,2026-06-16
378,18,31,24IT202P,2026-27-ODD,enrolled,2026-06-16
379,18,33,24IT203T,2026-27-ODD,enrolled,2026-06-16
380,18,34,24IT203P,2026-27-ODD,enrolled,2026-06-16
381,18,36,24IT204T,2026-27-ODD,enrolled,2026-06-16
382,18,37,24IT205T,2026-27-ODD,enrolled,2026-06-16
383,18,38,24MA202T,2026-27-ODD,enrolled,2026-06-16
384,18,169,24HS105T,2025-26-EVEN,enrolled,2026-01-05
385,18,170,24MA103T,2025-26-EVEN,enrolled,2026-01-05
386,18,171,24CH101T,2025-26-EVEN,enrolled,2026-01-05
387,18,172,24CH101P,2025-26-EVEN,enrolled,2026-01-05
388,18,174,24EE101T,2025-26-EVEN,enrolled,2026-01-05
389,18,175,24EE101P,2025-26-EVEN,enrolled,2026-01-05
390,18,177,24ME102P,2025-26-EVEN,enrolled,2026-01-05
391,18,179,24YOG101,2025-26-EVEN,enrolled,2026-01-05
392,18,180,24NCC101,2025-26-EVEN,enrolled,2026-01-05
393,18,181,24NSS101,2025-26-EVEN,enrolled,2026-01-05
394,18,182,24HS104T,2025-26-EVEN,enrolled,2026-01-05
395,18,183,24CP102T,2025-26-EVEN,enrolled,2026-01-05
396,18,184,24CP102P,2025-26-EVEN,enrolled,2026-01-05
397,19,28,24INT151,2026-27-ODD,enrolled,2026-06-16
398,19,29,24IT201T,2026-27-ODD,enrolled,2026-06-16
399,19,30,24IT202T,2026-27-ODD,enrolled,2026-06-16
400,19,31,24IT202P,2026-27-ODD,enrolled,2026-06-16
401,19,33,24IT203T,2026-27-ODD,enrolled,2026-06-16
402,19,34,24IT203P,2026-27-ODD,enrolled,2026-06-16
403,19,36,24IT204T,2026-27-ODD,enrolled,2026-06-16
404,19,37,24IT205T,2026-27-ODD,enrolled,2026-06-16
405,19,38,24MA202T,2026-27-ODD,enrolled,2026-06-16
406,19,169,24HS105T,2025-26-EVEN,enrolled,2026-01-05
407,19,170,24MA103T,2025-26-EVEN,enrolled,2026-01-05
408,19,171,24CH101T,2025-26-EVEN,enrolled,2026-01-05
409,19,172,24CH101P,2025-26-EVEN,enrolled,2026-01-05
410,19,174,24EE101T,2025-26-EVEN,enrolled,2026-01-05
411,19,175,24EE101P,2025-26-EVEN,enrolled,2026-01-05
412,19,177,24ME102P,2025-26-EVEN,enrolled,2026-01-05
413,19,179,24YOG101,2025-26-EVEN,enrolled,2026-01-05
414,19,180,24NCC101,2025-26-EVEN,enrolled,2026-01-05
415,19,181,24NSS101,2025-26-EVEN,enrolled,2026-01-05
416,19,182,24HS104T,2025-26-EVEN,enrolled,2026-01-05
417,19,183,24CP102T,2025-26-EVEN,enrolled,2026-01-05
418,19,184,24CP102P,2025-26-EVEN,enrolled,2026-01-05
419,20,28,24INT151,2026-27-ODD,enrolled,2026-06-16
420,20,29,24IT201T,2026-27-ODD,enrolled,2026-06-16
421,20,30,24IT202T,2026-27-ODD,enrolled,2026-06-16
422,20,31,24IT202P,2026-27-ODD,enrolled,2026-06-16
423,20,33,24IT203T,2026-27-ODD,enrolled,2026-06-16
424,20,34,24IT203P,2026-27-ODD,enrolled,2026-06-16
425,20,36,24IT204T,2026-27-ODD,enrolled,2026-06-16
426,20,37,24IT205T,2026-27-ODD,enrolled,2026-06-16
427,20,38,24MA202T,2026-27-ODD,enrolled,2026-06-16
428,20,169,24HS105T,2025-26-EVEN,enrolled,2026-01-05
429,20,170,24MA103T,2025-26-EVEN,enrolled,2026-01-05
430,20,171,24CH101T,2025-26-EVEN,enrolled,2026-01-05
431,20,172,24CH101P,2025-26-EVEN,enrolled,2026-01-05
432,20,174,24EE101T,2025-26-EVEN,enrolled,2026-01-05
433,20,175,24EE101P,2025-26-EVEN,enrolled,2026-01-05
434,20,177,24ME102P,2025-26-EVEN,enrolled,2026-01-05
435,20,179,24YOG101,2025-26-EVEN,enrolled,2026-01-05
436,20,180,24NCC101,2025-26-EVEN,enrolled,2026-01-05
437,20,181,24NSS101,2025-26-EVEN,enrolled,2026-01-05
438,20,182,24HS104T,2025-26-EVEN,enrolled,2026-01-05
439,20,183,24CP102T,2025-26-EVEN,enrolled,2026-01-05
440,20,184,24CP102P,2025-26-EVEN,enrolled,2026-01-05
441,21,28,24INT151,2026-27-ODD,enrolled,2026-06-16
442,21,29,24IT201T,2026-27-ODD,enrolled,2026-06-16
443,21,30,24IT202T,2026-27-ODD,enrolled,2026-06-16
444,21,31,24IT202P,2026-27-ODD,enrolled,2026-06-16
445,21,33,24IT203T,2026-27-ODD,enrolled,2026-06-16
446,21,34,24IT203P,2026-27-ODD,enrolled,2026-06-16
447,21,36,24IT204T,2026-27-ODD,enrolled,2026-06-16
448,21,37,24IT205T,2026-27-ODD,enrolled,2026-06-16
449,21,38,24MA202T,2026-27-ODD,enrolled,2026-06-16
450,21,169,24HS105T,2025-26-EVEN,enrolled,2026-01-05
451,21,170,24MA103T,2025-26-EVEN,enrolled,2026-01-05
452,21,171,24CH101T,2025-26-EVEN,enrolled,2026-01-05
453,21,172,24CH101P,2025-26-EVEN,enrolled,2026-01-05
454,21,174,24EE101T,2025-26-EVEN,enrolled,2026-01-05
455,21,175,24EE101P,2025-26-EVEN,enrolled,2026-01-05
456,21,177,24ME102P,2025-26-EVEN,enrolled,2026-01-05
457,21,179,24YOG101,2025-26-EVEN,enrolled,2026-01-05
458,21,180,24NCC101,2025-26-EVEN,enrolled,2026-01-05
459,21,181,24NSS101,2025-26-EVEN,enrolled,2026-01-05
460,21,182,24HS104T,2025-26-EVEN,enrolled,2026-01-05
461,21,183,24CP102T,2025-26-EVEN,enrolled,2026-01-05
462,21,184,24CP102P,2025-26-EVEN,enrolled,2026-01-05
463,22,28,24INT151,2026-27-ODD,enrolled,2026-06-16
464,22,29,24IT201T,2026-27-ODD,enrolled,2026-06-16
465,22,30,24IT202T,2026-27-ODD,enrolled,2026-06-16
466,22,32,24IT202P,2026-27-ODD,enrolled,2026-06-16
467,22,33,24IT203T,2026-27-ODD,enrolled,2026-06-16
468,22,35,24IT203P,2026-27-ODD,enrolled,2026-06-16
469,22,36,24IT204T,2026-27-ODD,enrolled,2026-06-16
470,22,37,24IT205T,2026-27-ODD,enrolled,2026-06-16
471,22,38,24MA202T,2026-27-ODD,enrolled,2026-06-16
472,22,169,24HS105T,2025-26-EVEN,enrolled,2026-01-05
473,22,170,24MA103T,2025-26-EVEN,enrolled,2026-01-05
474,22,171,24CH101T,2025-26-EVEN,enrolled,2026-01-05
475,22,173,24CH101P,2025-26-EVEN,enrolled,2026-01-05
476,22,174,24EE101T,2025-26-EVEN,enrolled,2026-01-05
477,22,176,24EE101P,2025-26-EVEN,enrolled,2026-01-05
478,22,178,24ME102P,2025-26-EVEN,enrolled,2026-01-05
479,22,179,24YOG101,2025-26-EVEN,enrolled,2026-01-05
480,22,180,24NCC101,2025-26-EVEN,enrolled,2026-01-05
481,22,181,24NSS101,2025-26-EVEN,enrolled,2026-01-05
482,22,182,24HS104T,2025-26-EVEN,enrolled,2026-01-05
483,22,183,24CP102T,2025-26-EVEN,enrolled,2026-01-05
484,22,185,24CP102P,2025-26-EVEN,enrolled,2026-01-05
485,23,28,24INT151,2026-27-ODD,enrolled,2026-06-16
486,23,29,24IT201T,2026-27-ODD,enrolled,2026-06-16
487,23,30,24IT202T,2026-27-ODD,enrolled,2026-06-16
488,23,32,24IT202P,2026-27-ODD,enrolled,2026-06-16
489,23,33,24IT203T,2026-27-ODD,enrolled,2026-06-16
490,23,35,24IT203P,2026-27-ODD,enrolled,2026-06-16
491,23,36,24IT204T,2026-27-ODD,enrolled,2026-06-16
492,23,37,24IT205T,2026-27-ODD,enrolled,2026-06-16
493,23,38,24MA202T,2026-27-ODD,enrolled,2026-06-16
494,23,169,24HS105T,2025-26-EVEN,enrolled,2026-01-05
495,23,170,24MA103T,2025-26-EVEN,enrolled,2026-01-05
496,23,171,24CH101T,2025-26-EVEN,enrolled,2026-01-05
497,23,173,24CH101P,2025-26-EVEN,enrolled,2026-01-05
498,23,174,24EE101T,2025-26-EVEN,enrolled,2026-01-05
499,23,176,24EE101P,2025-26-EVEN,enrolled,2026-01-05
500,23,178,24ME102P,2025-26-EVEN,enrolled,2026-01-05
501,23,179,24YOG101,2025-26-EVEN,enrolled,2026-01-05
502,23,180,24NCC101,2025-26-EVEN,enrolled,2026-01-05
503,23,181,24NSS101,2025-26-EVEN,enrolled,2026-01-05
504,23,182,24HS104T,2025-26-EVEN,enrolled,2026-01-05
505,23,183,24CP102T,2025-26-EVEN,enrolled,2026-01-05
506,23,185,24CP102P,2025-26-EVEN,enrolled,2026-01-05
507,24,28,24INT151,2026-27-ODD,enrolled,2026-06-16
508,24,29,24IT201T,2026-27-ODD,enrolled,2026-06-16
509,24,30,24IT202T,2026-27-ODD,enrolled,2026-06-16
510,24,32,24IT202P,2026-27-ODD,enrolled,2026-06-16
511,24,33,24IT203T,2026-27-ODD,enrolled,2026-06-16
512,24,35,24IT203P,2026-27-ODD,enrolled,2026-06-16
513,24,36,24IT204T,2026-27-ODD,enrolled,2026-06-16
514,24,37,24IT205T,2026-27-ODD,enrolled,2026-06-16
515,24,38,24MA202T,2026-27-ODD,enrolled,2026-06-16
516,24,169,24HS105T,2025-26-EVEN,enrolled,2026-01-05
517,24,170,24MA103T,2025-26-EVEN,enrolled,2026-01-05
518,24,171,24CH101T,2025-26-EVEN,enrolled,2026-01-05
519,24,173,24CH101P,2025-26-EVEN,enrolled,2026-01-05
520,24,174,24EE101T,2025-26-EVEN,enrolled,2026-01-05
521,24,176,24EE101P,2025-26-EVEN,enrolled,2026-01-05
522,24,178,24ME102P,2025-26-EVEN,enrolled,2026-01-05
523,24,179,24YOG101,2025-26-EVEN,enrolled,2026-01-05
524,24,180,24NCC101,2025-26-EVEN,enrolled,2026-01-05
525,24,181,24NSS101,2025-26-EVEN,enrolled,2026-01-05
526,24,182,24HS104T,2025-26-EVEN,enrolled,2026-01-05
527,24,183,24CP102T,2025-26-EVEN,enrolled,2026-01-05
528,24,185,24CP102P,2025-26-EVEN,enrolled,2026-01-05
529,25,28,24INT151,2026-27-ODD,enrolled,2026-06-16
530,25,29,24IT201T,2026-27-ODD,enrolled,2026-06-16
531,25,30,24IT202T,2026-27-ODD,enrolled,2026-06-16
532,25,32,24IT202P,2026-27-ODD,enrolled,2026-06-16
533,25,33,24IT203T,2026-27-ODD,enrolled,2026-06-16
534,25,35,24IT203P,2026-27-ODD,enrolled,2026-06-16
535,25,36,24IT204T,2026-27-ODD,enrolled,2026-06-16
536,25,37,24IT205T,2026-27-ODD,enrolled,2026-06-16
537,25,38,24MA202T,2026-27-ODD,enrolled,2026-06-16
538,25,169,24HS105T,2025-26-EVEN,enrolled,2026-01-05
539,25,170,24MA103T,2025-26-EVEN,enrolled,2026-01-05
540,25,171,24CH101T,2025-26-EVEN,enrolled,2026-01-05
541,25,173,24CH101P,2025-26-EVEN,enrolled,2026-01-05
542,25,174,24EE101T,2025-26-EVEN,enrolled,2026-01-05
543,25,176,24EE101P,2025-26-EVEN,enrolled,2026-01-05
544,25,178,24ME102P,2025-26-EVEN,enrolled,2026-01-05
545,25,179,24YOG101,2025-26-EVEN,enrolled,2026-01-05
546,25,180,24NCC101,2025-26-EVEN,enrolled,2026-01-05
547,25,181,24NSS101,2025-26-EVEN,enrolled,2026-01-05
548,25,182,24HS104T,2025-26-EVEN,enrolled,2026-01-05
549,25,183,24CP102T,2025-26-EVEN,enrolled,2026-01-05
550,25,185,24CP102P,2025-26-EVEN,enrolled,2026-01-05
551,26,28,24INT151,2026-27-ODD,enrolled,2026-06-16
552,26,29,24IT201T,2026-27-ODD,enrolled,2026-06-16
553,26,30,24IT202T,2026-27-ODD,enrolled,2026-06-16
554,26,32,24IT202P,2026-27-ODD,enrolled,2026-06-16
555,26,33,24IT203T,2026-27-ODD,enrolled,2026-06-16
556,26,35,24IT203P,2026-27-ODD,enrolled,2026-06-16
557,26,36,24IT204T,2026-27-ODD,enrolled,2026-06-16
558,26,37,24IT205T,2026-27-ODD,enrolled,2026-06-16
559,26,38,24MA202T,2026-27-ODD,enrolled,2026-06-16
560,26,169,24HS105T,2025-26-EVEN,enrolled,2026-01-05
561,26,170,24MA103T,2025-26-EVEN,enrolled,2026-01-05
562,26,171,24CH101T,2025-26-EVEN,enrolled,2026-01-05
563,26,173,24CH101P,2025-26-EVEN,enrolled,2026-01-05
564,26,174,24EE101T,2025-26-EVEN,enrolled,2026-01-05
565,26,176,24EE101P,2025-26-EVEN,enrolled,2026-01-05
566,26,178,24ME102P,2025-26-EVEN,enrolled,2026-01-05
567,26,179,24YOG101,2025-26-EVEN,enrolled,2026-01-05
568,26,180,24NCC101,2025-26-EVEN,enrolled,2026-01-05
569,26,181,24NSS101,2025-26-EVEN,enrolled,2026-01-05
570,26,182,24HS104T,2025-26-EVEN,enrolled,2026-01-05
571,26,183,24CP102T,2025-26-EVEN,enrolled,2026-01-05
572,26,185,24CP102P,2025-26-EVEN,enrolled,2026-01-05
573,27,53,24INT151,2026-27-ODD,enrolled,2026-06-16
574,27,54,24EC201T,2026-27-ODD,enrolled,2026-06-16
575,27,55,24EC202T,2026-27-ODD,enrolled,2026-06-16
576,27,56,24EC202P,2026-27-ODD,enrolled,2026-06-16
577,27,58,24EC203T,2026-27-ODD,enrolled,2026-06-16
578,27,59,24EC203P,2026-27-ODD,enrolled,2026-06-16
579,27,61,24EC204T,2026-27-ODD,enrolled,2026-06-16
580,27,62,24MA201T,2026-27-ODD,enrolled,2026-06-16
581,27,186,24HS105T,2025-26-EVEN,enrolled,2026-01-05
582,27,187,24MA103T,2025-26-EVEN,enrolled,2026-01-05
583,27,188,24CH101T,2025-26-EVEN,enrolled,2026-01-05
584,27,189,24CH101P,2025-26-EVEN,enrolled,2026-01-05
585,27,191,24EE101T,2025-26-EVEN,enrolled,2026-01-05
586,27,192,24EE101P,2025-26-EVEN,enrolled,2026-01-05
587,27,194,24ME102P,2025-26-EVEN,enrolled,2026-01-05
588,27,196,24YOG101,2025-26-EVEN,enrolled,2026-01-05
589,27,197,24NCC101,2025-26-EVEN,enrolled,2026-01-05
590,27,198,24NSS101,2025-26-EVEN,enrolled,2026-01-05
591,27,199,24HS104T,2025-26-EVEN,enrolled,2026-01-05
592,27,200,24CP102T,2025-26-EVEN,enrolled,2026-01-05
593,27,201,24CP102P,2025-26-EVEN,enrolled,2026-01-05
594,28,53,24INT151,2026-27-ODD,enrolled,2026-06-16
595,28,54,24EC201T,2026-27-ODD,enrolled,2026-06-16
596,28,55,24EC202T,2026-27-ODD,enrolled,2026-06-16
597,28,56,24EC202P,2026-27-ODD,enrolled,2026-06-16
598,28,58,24EC203T,2026-27-ODD,enrolled,2026-06-16
599,28,59,24EC203P,2026-27-ODD,enrolled,2026-06-16
600,28,61,24EC204T,2026-27-ODD,enrolled,2026-06-16
601,28,62,24MA201T,2026-27-ODD,enrolled,2026-06-16
602,28,186,24HS105T,2025-26-EVEN,enrolled,2026-01-05
603,28,187,24MA103T,2025-26-EVEN,enrolled,2026-01-05
604,28,188,24CH101T,2025-26-EVEN,enrolled,2026-01-05
605,28,189,24CH101P,2025-26-EVEN,enrolled,2026-01-05
606,28,191,24EE101T,2025-26-EVEN,enrolled,2026-01-05
607,28,192,24EE101P,2025-26-EVEN,enrolled,2026-01-05
608,28,194,24ME102P,2025-26-EVEN,enrolled,2026-01-05
609,28,196,24YOG101,2025-26-EVEN,enrolled,2026-01-05
610,28,197,24NCC101,2025-26-EVEN,enrolled,2026-01-05
611,28,198,24NSS101,2025-26-EVEN,enrolled,2026-01-05
612,28,199,24HS104T,2025-26-EVEN,enrolled,2026-01-05
613,28,200,24CP102T,2025-26-EVEN,enrolled,2026-01-05
614,28,201,24CP102P,2025-26-EVEN,enrolled,2026-01-05
615,29,53,24INT151,2026-27-ODD,enrolled,2026-06-16
616,29,54,24EC201T,2026-27-ODD,enrolled,2026-06-16
617,29,55,24EC202T,2026-27-ODD,enrolled,2026-06-16
618,29,56,24EC202P,2026-27-ODD,enrolled,2026-06-16
619,29,58,24EC203T,2026-27-ODD,enrolled,2026-06-16
620,29,59,24EC203P,2026-27-ODD,enrolled,2026-06-16
621,29,61,24EC204T,2026-27-ODD,enrolled,2026-06-16
622,29,62,24MA201T,2026-27-ODD,enrolled,2026-06-16
623,29,186,24HS105T,2025-26-EVEN,enrolled,2026-01-05
624,29,187,24MA103T,2025-26-EVEN,enrolled,2026-01-05
625,29,188,24CH101T,2025-26-EVEN,enrolled,2026-01-05
626,29,189,24CH101P,2025-26-EVEN,enrolled,2026-01-05
627,29,191,24EE101T,2025-26-EVEN,enrolled,2026-01-05
628,29,192,24EE101P,2025-26-EVEN,enrolled,2026-01-05
629,29,194,24ME102P,2025-26-EVEN,enrolled,2026-01-05
630,29,196,24YOG101,2025-26-EVEN,enrolled,2026-01-05
631,29,197,24NCC101,2025-26-EVEN,enrolled,2026-01-05
632,29,198,24NSS101,2025-26-EVEN,enrolled,2026-01-05
633,29,199,24HS104T,2025-26-EVEN,enrolled,2026-01-05
634,29,200,24CP102T,2025-26-EVEN,enrolled,2026-01-05
635,29,201,24CP102P,2025-26-EVEN,enrolled,2026-01-05
636,30,53,24INT151,2026-27-ODD,enrolled,2026-06-16
637,30,54,24EC201T,2026-27-ODD,enrolled,2026-06-16
638,30,55,24EC202T,2026-27-ODD,enrolled,2026-06-16
639,30,57,24EC202P,2026-27-ODD,enrolled,2026-06-16
640,30,58,24EC203T,2026-27-ODD,enrolled,2026-06-16
641,30,60,24EC203P,2026-27-ODD,enrolled,2026-06-16
642,30,61,24EC204T,2026-27-ODD,enrolled,2026-06-16
643,30,62,24MA201T,2026-27-ODD,enrolled,2026-06-16
644,30,186,24HS105T,2025-26-EVEN,enrolled,2026-01-05
645,30,187,24MA103T,2025-26-EVEN,enrolled,2026-01-05
646,30,188,24CH101T,2025-26-EVEN,enrolled,2026-01-05
647,30,190,24CH101P,2025-26-EVEN,enrolled,2026-01-05
648,30,191,24EE101T,2025-26-EVEN,enrolled,2026-01-05
649,30,193,24EE101P,2025-26-EVEN,enrolled,2026-01-05
650,30,195,24ME102P,2025-26-EVEN,enrolled,2026-01-05
651,30,196,24YOG101,2025-26-EVEN,enrolled,2026-01-05
652,30,197,24NCC101,2025-26-EVEN,enrolled,2026-01-05
653,30,198,24NSS101,2025-26-EVEN,enrolled,2026-01-05
654,30,199,24HS104T,2025-26-EVEN,enrolled,2026-01-05
655,30,200,24CP102T,2025-26-EVEN,enrolled,2026-01-05
656,30,202,24CP102P,2025-26-EVEN,enrolled,2026-01-05
657,31,53,24INT151,2026-27-ODD,enrolled,2026-06-16
658,31,54,24EC201T,2026-27-ODD,enrolled,2026-06-16
659,31,55,24EC202T,2026-27-ODD,enrolled,2026-06-16
660,31,57,24EC202P,2026-27-ODD,enrolled,2026-06-16
661,31,58,24EC203T,2026-27-ODD,enrolled,2026-06-16
662,31,60,24EC203P,2026-27-ODD,enrolled,2026-06-16
663,31,61,24EC204T,2026-27-ODD,enrolled,2026-06-16
664,31,62,24MA201T,2026-27-ODD,enrolled,2026-06-16
665,31,186,24HS105T,2025-26-EVEN,enrolled,2026-01-05
666,31,187,24MA103T,2025-26-EVEN,enrolled,2026-01-05
667,31,188,24CH101T,2025-26-EVEN,enrolled,2026-01-05
668,31,190,24CH101P,2025-26-EVEN,enrolled,2026-01-05
669,31,191,24EE101T,2025-26-EVEN,enrolled,2026-01-05
670,31,193,24EE101P,2025-26-EVEN,enrolled,2026-01-05
671,31,195,24ME102P,2025-26-EVEN,enrolled,2026-01-05
672,31,196,24YOG101,2025-26-EVEN,enrolled,2026-01-05
673,31,197,24NCC101,2025-26-EVEN,enrolled,2026-01-05
674,31,198,24NSS101,2025-26-EVEN,enrolled,2026-01-05
675,31,199,24HS104T,2025-26-EVEN,enrolled,2026-01-05
676,31,200,24CP102T,2025-26-EVEN,enrolled,2026-01-05
677,31,202,24CP102P,2025-26-EVEN,enrolled,2026-01-05
678,32,53,24INT151,2026-27-ODD,enrolled,2026-06-16
679,32,54,24EC201T,2026-27-ODD,enrolled,2026-06-16
680,32,55,24EC202T,2026-27-ODD,enrolled,2026-06-16
681,32,57,24EC202P,2026-27-ODD,enrolled,2026-06-16
682,32,58,24EC203T,2026-27-ODD,enrolled,2026-06-16
683,32,60,24EC203P,2026-27-ODD,enrolled,2026-06-16
684,32,61,24EC204T,2026-27-ODD,enrolled,2026-06-16
685,32,62,24MA201T,2026-27-ODD,enrolled,2026-06-16
686,32,186,24HS105T,2025-26-EVEN,enrolled,2026-01-05
687,32,187,24MA103T,2025-26-EVEN,enrolled,2026-01-05
688,32,188,24CH101T,2025-26-EVEN,enrolled,2026-01-05
689,32,190,24CH101P,2025-26-EVEN,enrolled,2026-01-05
690,32,191,24EE101T,2025-26-EVEN,enrolled,2026-01-05
691,32,193,24EE101P,2025-26-EVEN,enrolled,2026-01-05
692,32,195,24ME102P,2025-26-EVEN,enrolled,2026-01-05
693,32,196,24YOG101,2025-26-EVEN,enrolled,2026-01-05
694,32,197,24NCC101,2025-26-EVEN,enrolled,2026-01-05
695,32,198,24NSS101,2025-26-EVEN,enrolled,2026-01-05
696,32,199,24HS104T,2025-26-EVEN,enrolled,2026-01-05
697,32,200,24CP102T,2025-26-EVEN,enrolled,2026-01-05
698,32,202,24CP102P,2025-26-EVEN,enrolled,2026-01-05
699,33,77,24INT151,2026-27-ODD,enrolled,2026-06-16
700,33,78,24MA201T,2026-27-ODD,enrolled,2026-06-16
701,33,79,24ME201T,2026-27-ODD,enrolled,2026-06-16
702,33,80,24ME202T,2026-27-ODD,enrolled,2026-06-16
703,33,81,24ME203T,2026-27-ODD,enrolled,2026-06-16
704,33,82,24ME203P,2026-27-ODD,enrolled,2026-06-16
705,33,84,24ME204T,2026-27-ODD,enrolled,2026-06-16
706,33,85,24ME204P,2026-27-ODD,enrolled,2026-06-16
707,33,87,24ME205P,2026-27-ODD,enrolled,2026-06-16
708,33,203,24MA103T,2025-26-EVEN,enrolled,2026-01-05
709,33,204,24CH101T,2025-26-EVEN,enrolled,2026-01-05
710,33,205,24CH101P,2025-26-EVEN,enrolled,2026-01-05
711,33,207,24CP102T,2025-26-EVEN,enrolled,2026-01-05
712,33,208,24CP102P,2025-26-EVEN,enrolled,2026-01-05
713,33,210,24EE101T,2025-26-EVEN,enrolled,2026-01-05
714,33,211,24EE101P,2025-26-EVEN,enrolled,2026-01-05
715,33,213,24HS103T,2025-26-EVEN,enrolled,2026-01-05
716,33,214,24HS104T,2025-26-EVEN,enrolled,2026-01-05
717,33,215,24HS105T,2025-26-EVEN,enrolled,2026-01-05
718,33,216,24YOG101,2025-26-EVEN,enrolled,2026-01-05
719,33,217,24NSS101,2025-26-EVEN,enrolled,2026-01-05
720,33,218,24NCC101,2025-26-EVEN,enrolled,2026-01-05
721,34,77,24INT151,2026-27-ODD,enrolled,2026-06-16
722,34,78,24MA201T,2026-27-ODD,enrolled,2026-06-16
723,34,79,24ME201T,2026-27-ODD,enrolled,2026-06-16
724,34,80,24ME202T,2026-27-ODD,enrolled,2026-06-16
725,34,81,24ME203T,2026-27-ODD,enrolled,2026-06-16
726,34,82,24ME203P,2026-27-ODD,enrolled,2026-06-16
727,34,84,24ME204T,2026-27-ODD,enrolled,2026-06-16
728,34,85,24ME204P,2026-27-ODD,enrolled,2026-06-16
729,34,87,24ME205P,2026-27-ODD,enrolled,2026-06-16
730,34,203,24MA103T,2025-26-EVEN,enrolled,2026-01-05
731,34,204,24CH101T,2025-26-EVEN,enrolled,2026-01-05
732,34,205,24CH101P,2025-26-EVEN,enrolled,2026-01-05
733,34,207,24CP102T,2025-26-EVEN,enrolled,2026-01-05
734,34,208,24CP102P,2025-26-EVEN,enrolled,2026-01-05
735,34,210,24EE101T,2025-26-EVEN,enrolled,2026-01-05
736,34,211,24EE101P,2025-26-EVEN,enrolled,2026-01-05
737,34,213,24HS103T,2025-26-EVEN,enrolled,2026-01-05
738,34,214,24HS104T,2025-26-EVEN,enrolled,2026-01-05
739,34,215,24HS105T,2025-26-EVEN,enrolled,2026-01-05
740,34,216,24YOG101,2025-26-EVEN,enrolled,2026-01-05
741,34,217,24NSS101,2025-26-EVEN,enrolled,2026-01-05
742,34,218,24NCC101,2025-26-EVEN,enrolled,2026-01-05
743,35,77,24INT151,2026-27-ODD,enrolled,2026-06-16
744,35,78,24MA201T,2026-27-ODD,enrolled,2026-06-16
745,35,79,24ME201T,2026-27-ODD,enrolled,2026-06-16
746,35,80,24ME202T,2026-27-ODD,enrolled,2026-06-16
747,35,81,24ME203T,2026-27-ODD,enrolled,2026-06-16
748,35,82,24ME203P,2026-27-ODD,enrolled,2026-06-16
749,35,84,24ME204T,2026-27-ODD,enrolled,2026-06-16
750,35,85,24ME204P,2026-27-ODD,enrolled,2026-06-16
751,35,87,24ME205P,2026-27-ODD,enrolled,2026-06-16
752,35,203,24MA103T,2025-26-EVEN,enrolled,2026-01-05
753,35,204,24CH101T,2025-26-EVEN,enrolled,2026-01-05
754,35,205,24CH101P,2025-26-EVEN,enrolled,2026-01-05
755,35,207,24CP102T,2025-26-EVEN,enrolled,2026-01-05
756,35,208,24CP102P,2025-26-EVEN,enrolled,2026-01-05
757,35,210,24EE101T,2025-26-EVEN,enrolled,2026-01-05
758,35,211,24EE101P,2025-26-EVEN,enrolled,2026-01-05
759,35,213,24HS103T,2025-26-EVEN,enrolled,2026-01-05
760,35,214,24HS104T,2025-26-EVEN,enrolled,2026-01-05
761,35,215,24HS105T,2025-26-EVEN,enrolled,2026-01-05
762,35,216,24YOG101,2025-26-EVEN,enrolled,2026-01-05
763,35,217,24NSS101,2025-26-EVEN,enrolled,2026-01-05
764,35,218,24NCC101,2025-26-EVEN,enrolled,2026-01-05
765,36,77,24INT151,2026-27-ODD,enrolled,2026-06-16
766,36,78,24MA201T,2026-27-ODD,enrolled,2026-06-16
767,36,79,24ME201T,2026-27-ODD,enrolled,2026-06-16
768,36,80,24ME202T,2026-27-ODD,enrolled,2026-06-16
769,36,81,24ME203T,2026-27-ODD,enrolled,2026-06-16
770,36,83,24ME203P,2026-27-ODD,enrolled,2026-06-16
771,36,84,24ME204T,2026-27-ODD,enrolled,2026-06-16
772,36,86,24ME204P,2026-27-ODD,enrolled,2026-06-16
773,36,88,24ME205P,2026-27-ODD,enrolled,2026-06-16
774,36,203,24MA103T,2025-26-EVEN,enrolled,2026-01-05
775,36,204,24CH101T,2025-26-EVEN,enrolled,2026-01-05
776,36,206,24CH101P,2025-26-EVEN,enrolled,2026-01-05
777,36,207,24CP102T,2025-26-EVEN,enrolled,2026-01-05
778,36,209,24CP102P,2025-26-EVEN,enrolled,2026-01-05
779,36,210,24EE101T,2025-26-EVEN,enrolled,2026-01-05
780,36,212,24EE101P,2025-26-EVEN,enrolled,2026-01-05
781,36,213,24HS103T,2025-26-EVEN,enrolled,2026-01-05
782,36,214,24HS104T,2025-26-EVEN,enrolled,2026-01-05
783,36,215,24HS105T,2025-26-EVEN,enrolled,2026-01-05
784,36,216,24YOG101,2025-26-EVEN,enrolled,2026-01-05
785,36,217,24NSS101,2025-26-EVEN,enrolled,2026-01-05
786,36,218,24NCC101,2025-26-EVEN,enrolled,2026-01-05
787,37,77,24INT151,2026-27-ODD,enrolled,2026-06-16
788,37,78,24MA201T,2026-27-ODD,enrolled,2026-06-16
789,37,79,24ME201T,2026-27-ODD,enrolled,2026-06-16
790,37,80,24ME202T,2026-27-ODD,enrolled,2026-06-16
791,37,81,24ME203T,2026-27-ODD,enrolled,2026-06-16
792,37,83,24ME203P,2026-27-ODD,enrolled,2026-06-16
793,37,84,24ME204T,2026-27-ODD,enrolled,2026-06-16
794,37,86,24ME204P,2026-27-ODD,enrolled,2026-06-16
795,37,88,24ME205P,2026-27-ODD,enrolled,2026-06-16
796,37,203,24MA103T,2025-26-EVEN,enrolled,2026-01-05
797,37,204,24CH101T,2025-26-EVEN,enrolled,2026-01-05
798,37,206,24CH101P,2025-26-EVEN,enrolled,2026-01-05
799,37,207,24CP102T,2025-26-EVEN,enrolled,2026-01-05
800,37,209,24CP102P,2025-26-EVEN,enrolled,2026-01-05
801,37,210,24EE101T,2025-26-EVEN,enrolled,2026-01-05
802,37,212,24EE101P,2025-26-EVEN,enrolled,2026-01-05
803,37,213,24HS103T,2025-26-EVEN,enrolled,2026-01-05
804,37,214,24HS104T,2025-26-EVEN,enrolled,2026-01-05
805,37,215,24HS105T,2025-26-EVEN,enrolled,2026-01-05
806,37,216,24YOG101,2025-26-EVEN,enrolled,2026-01-05
807,37,217,24NSS101,2025-26-EVEN,enrolled,2026-01-05
808,37,218,24NCC101,2025-26-EVEN,enrolled,2026-01-05
809,38,77,24INT151,2026-27-ODD,enrolled,2026-06-16
810,38,78,24MA201T,2026-27-ODD,enrolled,2026-06-16
811,38,79,24ME201T,2026-27-ODD,enrolled,2026-06-16
812,38,80,24ME202T,2026-27-ODD,enrolled,2026-06-16
813,38,81,24ME203T,2026-27-ODD,enrolled,2026-06-16
814,38,83,24ME203P,2026-27-ODD,enrolled,2026-06-16
815,38,84,24ME204T,2026-27-ODD,enrolled,2026-06-16
816,38,86,24ME204P,2026-27-ODD,enrolled,2026-06-16
817,38,88,24ME205P,2026-27-ODD,enrolled,2026-06-16
818,38,203,24MA103T,2025-26-EVEN,enrolled,2026-01-05
819,38,204,24CH101T,2025-26-EVEN,enrolled,2026-01-05
820,38,206,24CH101P,2025-26-EVEN,enrolled,2026-01-05
821,38,207,24CP102T,2025-26-EVEN,enrolled,2026-01-05
822,38,209,24CP102P,2025-26-EVEN,enrolled,2026-01-05
823,38,210,24EE101T,2025-26-EVEN,enrolled,2026-01-05
824,38,212,24EE101P,2025-26-EVEN,enrolled,2026-01-05
825,38,213,24HS103T,2025-26-EVEN,enrolled,2026-01-05
826,38,214,24HS104T,2025-26-EVEN,enrolled,2026-01-05
827,38,215,24HS105T,2025-26-EVEN,enrolled,2026-01-05
828,38,216,24YOG101,2025-26-EVEN,enrolled,2026-01-05
829,38,217,24NSS101,2025-26-EVEN,enrolled,2026-01-05
830,38,218,24NCC101,2025-26-EVEN,enrolled,2026-01-05
831,39,104,24INT151,2026-27-ODD,enrolled,2026-06-16
832,39,105,24MA201T,2026-27-ODD,enrolled,2026-06-16
833,39,106,24CV201T,2026-27-ODD,enrolled,2026-06-16
834,39,107,24CV202T,2026-27-ODD,enrolled,2026-06-16
835,39,108,24CV203T,2026-27-ODD,enrolled,2026-06-16
836,39,109,24CV204T,2026-27-ODD,enrolled,2026-06-16
837,39,110,24CV205T,2026-27-ODD,enrolled,2026-06-16
838,39,111,24CV206P,2026-27-ODD,enrolled,2026-06-16
839,39,219,24HS105T,2025-26-EVEN,enrolled,2026-01-05
840,39,220,24MA103T,2025-26-EVEN,enrolled,2026-01-05
841,39,221,24CH101T,2025-26-EVEN,enrolled,2026-01-05
842,39,222,24CH101P,2025-26-EVEN,enrolled,2026-01-05
843,39,224,24EE101T,2025-26-EVEN,enrolled,2026-01-05
844,39,225,24EE101P,2025-26-EVEN,enrolled,2026-01-05
845,39,227,24ME102P,2025-26-EVEN,enrolled,2026-01-05
846,39,229,24YOG101,2025-26-EVEN,enrolled,2026-01-05
847,39,230,24NCC101,2025-26-EVEN,enrolled,2026-01-05
848,39,231,24NSS101,2025-26-EVEN,enrolled,2026-01-05
849,39,232,24HS104T,2025-26-EVEN,enrolled,2026-01-05
850,39,233,24CP102T,2025-26-EVEN,enrolled,2026-01-05
851,39,234,24CP102P,2025-26-EVEN,enrolled,2026-01-05
852,40,104,24INT151,2026-27-ODD,enrolled,2026-06-16
853,40,105,24MA201T,2026-27-ODD,enrolled,2026-06-16
854,40,106,24CV201T,2026-27-ODD,enrolled,2026-06-16
855,40,107,24CV202T,2026-27-ODD,enrolled,2026-06-16
856,40,108,24CV203T,2026-27-ODD,enrolled,2026-06-16
857,40,109,24CV204T,2026-27-ODD,enrolled,2026-06-16
858,40,110,24CV205T,2026-27-ODD,enrolled,2026-06-16
859,40,111,24CV206P,2026-27-ODD,enrolled,2026-06-16
860,40,219,24HS105T,2025-26-EVEN,enrolled,2026-01-05
861,40,220,24MA103T,2025-26-EVEN,enrolled,2026-01-05
862,40,221,24CH101T,2025-26-EVEN,enrolled,2026-01-05
863,40,222,24CH101P,2025-26-EVEN,enrolled,2026-01-05
864,40,224,24EE101T,2025-26-EVEN,enrolled,2026-01-05
865,40,225,24EE101P,2025-26-EVEN,enrolled,2026-01-05
866,40,227,24ME102P,2025-26-EVEN,enrolled,2026-01-05
867,40,229,24YOG101,2025-26-EVEN,enrolled,2026-01-05
868,40,230,24NCC101,2025-26-EVEN,enrolled,2026-01-05
869,40,231,24NSS101,2025-26-EVEN,enrolled,2026-01-05
870,40,232,24HS104T,2025-26-EVEN,enrolled,2026-01-05
871,40,233,24CP102T,2025-26-EVEN,enrolled,2026-01-05
872,40,234,24CP102P,2025-26-EVEN,enrolled,2026-01-05
873,41,104,24INT151,2026-27-ODD,enrolled,2026-06-16
874,41,105,24MA201T,2026-27-ODD,enrolled,2026-06-16
875,41,106,24CV201T,2026-27-ODD,enrolled,2026-06-16
876,41,107,24CV202T,2026-27-ODD,enrolled,2026-06-16
877,41,108,24CV203T,2026-27-ODD,enrolled,2026-06-16
878,41,109,24CV204T,2026-27-ODD,enrolled,2026-06-16
879,41,110,24CV205T,2026-27-ODD,enrolled,2026-06-16
880,41,111,24CV206P,2026-27-ODD,enrolled,2026-06-16
881,41,219,24HS105T,2025-26-EVEN,enrolled,2026-01-05
882,41,220,24MA103T,2025-26-EVEN,enrolled,2026-01-05
883,41,221,24CH101T,2025-26-EVEN,enrolled,2026-01-05
884,41,222,24CH101P,2025-26-EVEN,enrolled,2026-01-05
885,41,224,24EE101T,2025-26-EVEN,enrolled,2026-01-05
886,41,225,24EE101P,2025-26-EVEN,enrolled,2026-01-05
887,41,227,24ME102P,2025-26-EVEN,enrolled,2026-01-05
888,41,229,24YOG101,2025-26-EVEN,enrolled,2026-01-05
889,41,230,24NCC101,2025-26-EVEN,enrolled,2026-01-05
890,41,231,24NSS101,2025-26-EVEN,enrolled,2026-01-05
891,41,232,24HS104T,2025-26-EVEN,enrolled,2026-01-05
892,41,233,24CP102T,2025-26-EVEN,enrolled,2026-01-05
893,41,234,24CP102P,2025-26-EVEN,enrolled,2026-01-05
894,42,104,24INT151,2026-27-ODD,enrolled,2026-06-16
895,42,105,24MA201T,2026-27-ODD,enrolled,2026-06-16
896,42,106,24CV201T,2026-27-ODD,enrolled,2026-06-16
897,42,107,24CV202T,2026-27-ODD,enrolled,2026-06-16
898,42,108,24CV203T,2026-27-ODD,enrolled,2026-06-16
899,42,109,24CV204T,2026-27-ODD,enrolled,2026-06-16
900,42,110,24CV205T,2026-27-ODD,enrolled,2026-06-16
901,42,112,24CV206P,2026-27-ODD,enrolled,2026-06-16
902,42,219,24HS105T,2025-26-EVEN,enrolled,2026-01-05
903,42,220,24MA103T,2025-26-EVEN,enrolled,2026-01-05
904,42,221,24CH101T,2025-26-EVEN,enrolled,2026-01-05
905,42,223,24CH101P,2025-26-EVEN,enrolled,2026-01-05
906,42,224,24EE101T,2025-26-EVEN,enrolled,2026-01-05
907,42,226,24EE101P,2025-26-EVEN,enrolled,2026-01-05
908,42,228,24ME102P,2025-26-EVEN,enrolled,2026-01-05
909,42,229,24YOG101,2025-26-EVEN,enrolled,2026-01-05
910,42,230,24NCC101,2025-26-EVEN,enrolled,2026-01-05
911,42,231,24NSS101,2025-26-EVEN,enrolled,2026-01-05
912,42,232,24HS104T,2025-26-EVEN,enrolled,2026-01-05
913,42,233,24CP102T,2025-26-EVEN,enrolled,2026-01-05
914,42,235,24CP102P,2025-26-EVEN,enrolled,2026-01-05
915,43,104,24INT151,2026-27-ODD,enrolled,2026-06-16
916,43,105,24MA201T,2026-27-ODD,enrolled,2026-06-16
917,43,106,24CV201T,2026-27-ODD,enrolled,2026-06-16
918,43,107,24CV202T,2026-27-ODD,enrolled,2026-06-16
919,43,108,24CV203T,2026-27-ODD,enrolled,2026-06-16
920,43,109,24CV204T,2026-27-ODD,enrolled,2026-06-16
921,43,110,24CV205T,2026-27-ODD,enrolled,2026-06-16
922,43,112,24CV206P,2026-27-ODD,enrolled,2026-06-16
923,43,219,24HS105T,2025-26-EVEN,enrolled,2026-01-05
924,43,220,24MA103T,2025-26-EVEN,enrolled,2026-01-05
925,43,221,24CH101T,2025-26-EVEN,enrolled,2026-01-05
926,43,223,24CH101P,2025-26-EVEN,enrolled,2026-01-05
927,43,224,24EE101T,2025-26-EVEN,enrolled,2026-01-05
928,43,226,24EE101P,2025-26-EVEN,enrolled,2026-01-05
929,43,228,24ME102P,2025-26-EVEN,enrolled,2026-01-05
930,43,229,24YOG101,2025-26-EVEN,enrolled,2026-01-05
931,43,230,24NCC101,2025-26-EVEN,enrolled,2026-01-05
932,43,231,24NSS101,2025-26-EVEN,enrolled,2026-01-05
933,43,232,24HS104T,2025-26-EVEN,enrolled,2026-01-05
934,43,233,24CP102T,2025-26-EVEN,enrolled,2026-01-05
935,43,235,24CP102P,2025-26-EVEN,enrolled,2026-01-05
936,44,104,24INT151,2026-27-ODD,enrolled,2026-06-16
937,44,105,24MA201T,2026-27-ODD,enrolled,2026-06-16
938,44,106,24CV201T,2026-27-ODD,enrolled,2026-06-16
939,44,107,24CV202T,2026-27-ODD,enrolled,2026-06-16
940,44,108,24CV203T,2026-27-ODD,enrolled,2026-06-16
941,44,109,24CV204T,2026-27-ODD,enrolled,2026-06-16
942,44,110,24CV205T,2026-27-ODD,enrolled,2026-06-16
943,44,112,24CV206P,2026-27-ODD,enrolled,2026-06-16
944,44,219,24HS105T,2025-26-EVEN,enrolled,2026-01-05
945,44,220,24MA103T,2025-26-EVEN,enrolled,2026-01-05
946,44,221,24CH101T,2025-26-EVEN,enrolled,2026-01-05
947,44,223,24CH101P,2025-26-EVEN,enrolled,2026-01-05
948,44,224,24EE101T,2025-26-EVEN,enrolled,2026-01-05
949,44,226,24EE101P,2025-26-EVEN,enrolled,2026-01-05
950,44,228,24ME102P,2025-26-EVEN,enrolled,2026-01-05
951,44,229,24YOG101,2025-26-EVEN,enrolled,2026-01-05
952,44,230,24NCC101,2025-26-EVEN,enrolled,2026-01-05
953,44,231,24NSS101,2025-26-EVEN,enrolled,2026-01-05
954,44,232,24HS104T,2025-26-EVEN,enrolled,2026-01-05
955,44,233,24CP102T,2025-26-EVEN,enrolled,2026-01-05
956,44,235,24CP102P,2025-26-EVEN,enrolled,2026-01-05
957,45,127,24INT151,2026-27-ODD,enrolled,2026-06-16
958,45,128,24MA201T,2026-27-ODD,enrolled,2026-06-16
959,45,129,24CH201T,2026-27-ODD,enrolled,2026-06-16
960,45,130,24CH202T,2026-27-ODD,enrolled,2026-06-16
961,45,131,24CH203T,2026-27-ODD,enrolled,2026-06-16
962,45,132,24CH203P,2026-27-ODD,enrolled,2026-06-16
963,45,134,24CH204T,2026-27-ODD,enrolled,2026-06-16
964,45,135,24CH204P,2026-27-ODD,enrolled,2026-06-16
965,45,236,24HS105T,2025-26-EVEN,enrolled,2026-01-05
966,45,237,24MA103T,2025-26-EVEN,enrolled,2026-01-05
967,45,238,24CP102T,2025-26-EVEN,enrolled,2026-01-05
968,45,239,24CP102P,2025-26-EVEN,enrolled,2026-01-05
969,45,241,24PH103T,2025-26-EVEN,enrolled,2026-01-05
970,45,242,24PH103P,2025-26-EVEN,enrolled,2026-01-05
971,45,244,24ME101P,2025-26-EVEN,enrolled,2026-01-05
972,45,246,24ME102P,2025-26-EVEN,enrolled,2026-01-05
973,45,248,24CV101T,2025-26-EVEN,enrolled,2026-01-05
974,45,249,24HS102T,2025-26-EVEN,enrolled,2026-01-05
975,45,250,24HS103T,2025-26-EVEN,enrolled,2026-01-05
976,46,127,24INT151,2026-27-ODD,enrolled,2026-06-16
977,46,128,24MA201T,2026-27-ODD,enrolled,2026-06-16
978,46,129,24CH201T,2026-27-ODD,enrolled,2026-06-16
979,46,130,24CH202T,2026-27-ODD,enrolled,2026-06-16
980,46,131,24CH203T,2026-27-ODD,enrolled,2026-06-16
981,46,132,24CH203P,2026-27-ODD,enrolled,2026-06-16
982,46,134,24CH204T,2026-27-ODD,enrolled,2026-06-16
983,46,135,24CH204P,2026-27-ODD,enrolled,2026-06-16
984,46,236,24HS105T,2025-26-EVEN,enrolled,2026-01-05
985,46,237,24MA103T,2025-26-EVEN,enrolled,2026-01-05
986,46,238,24CP102T,2025-26-EVEN,enrolled,2026-01-05
987,46,239,24CP102P,2025-26-EVEN,enrolled,2026-01-05
988,46,241,24PH103T,2025-26-EVEN,enrolled,2026-01-05
989,46,242,24PH103P,2025-26-EVEN,enrolled,2026-01-05
990,46,244,24ME101P,2025-26-EVEN,enrolled,2026-01-05
991,46,246,24ME102P,2025-26-EVEN,enrolled,2026-01-05
992,46,248,24CV101T,2025-26-EVEN,enrolled,2026-01-05
993,46,249,24HS102T,2025-26-EVEN,enrolled,2026-01-05
994,46,250,24HS103T,2025-26-EVEN,enrolled,2026-01-05
995,47,127,24INT151,2026-27-ODD,enrolled,2026-06-16
996,47,128,24MA201T,2026-27-ODD,enrolled,2026-06-16
997,47,129,24CH201T,2026-27-ODD,enrolled,2026-06-16
998,47,130,24CH202T,2026-27-ODD,enrolled,2026-06-16
999,47,131,24CH203T,2026-27-ODD,enrolled,2026-06-16
1000,47,132,24CH203P,2026-27-ODD,enrolled,2026-06-16
1001,47,134,24CH204T,2026-27-ODD,enrolled,2026-06-16
1002,47,135,24CH204P,2026-27-ODD,enrolled,2026-06-16
1003,47,236,24HS105T,2025-26-EVEN,enrolled,2026-01-05
1004,47,237,24MA103T,2025-26-EVEN,enrolled,2026-01-05
1005,47,238,24CP102T,2025-26-EVEN,enrolled,2026-01-05
1006,47,239,24CP102P,2025-26-EVEN,enrolled,2026-01-05
1007,47,241,24PH103T,2025-26-EVEN,enrolled,2026-01-05
1008,47,242,24PH103P,2025-26-EVEN,enrolled,2026-01-05
1009,47,244,24ME101P,2025-26-EVEN,enrolled,2026-01-05
1010,47,246,24ME102P,2025-26-EVEN,enrolled,2026-01-05
1011,47,248,24CV101T,2025-26-EVEN,enrolled,2026-01-05
1012,47,249,24HS102T,2025-26-EVEN,enrolled,2026-01-05
1013,47,250,24HS103T,2025-26-EVEN,enrolled,2026-01-05
1014,48,127,24INT151,2026-27-ODD,enrolled,2026-06-16
1015,48,128,24MA201T,2026-27-ODD,enrolled,2026-06-16
1016,48,129,24CH201T,2026-27-ODD,enrolled,2026-06-16
1017,48,130,24CH202T,2026-27-ODD,enrolled,2026-06-16
1018,48,131,24CH203T,2026-27-ODD,enrolled,2026-06-16
1019,48,133,24CH203P,2026-27-ODD,enrolled,2026-06-16
1020,48,134,24CH204T,2026-27-ODD,enrolled,2026-06-16
1021,48,136,24CH204P,2026-27-ODD,enrolled,2026-06-16
1022,48,236,24HS105T,2025-26-EVEN,enrolled,2026-01-05
1023,48,237,24MA103T,2025-26-EVEN,enrolled,2026-01-05
1024,48,238,24CP102T,2025-26-EVEN,enrolled,2026-01-05
1025,48,240,24CP102P,2025-26-EVEN,enrolled,2026-01-05
1026,48,241,24PH103T,2025-26-EVEN,enrolled,2026-01-05
1027,48,243,24PH103P,2025-26-EVEN,enrolled,2026-01-05
1028,48,245,24ME101P,2025-26-EVEN,enrolled,2026-01-05
1029,48,247,24ME102P,2025-26-EVEN,enrolled,2026-01-05
1030,48,248,24CV101T,2025-26-EVEN,enrolled,2026-01-05
1031,48,249,24HS102T,2025-26-EVEN,enrolled,2026-01-05
1032,48,250,24HS103T,2025-26-EVEN,enrolled,2026-01-05
1033,49,127,24INT151,2026-27-ODD,enrolled,2026-06-16
1034,49,128,24MA201T,2026-27-ODD,enrolled,2026-06-16
1035,49,129,24CH201T,2026-27-ODD,enrolled,2026-06-16
1036,49,130,24CH202T,2026-27-ODD,enrolled,2026-06-16
1037,49,131,24CH203T,2026-27-ODD,enrolled,2026-06-16
1038,49,133,24CH203P,2026-27-ODD,enrolled,2026-06-16
1039,49,134,24CH204T,2026-27-ODD,enrolled,2026-06-16
1040,49,136,24CH204P,2026-27-ODD,enrolled,2026-06-16
1041,49,236,24HS105T,2025-26-EVEN,enrolled,2026-01-05
1042,49,237,24MA103T,2025-26-EVEN,enrolled,2026-01-05
1043,49,238,24CP102T,2025-26-EVEN,enrolled,2026-01-05
1044,49,240,24CP102P,2025-26-EVEN,enrolled,2026-01-05
1045,49,241,24PH103T,2025-26-EVEN,enrolled,2026-01-05
1046,49,243,24PH103P,2025-26-EVEN,enrolled,2026-01-05
1047,49,245,24ME101P,2025-26-EVEN,enrolled,2026-01-05
1048,49,247,24ME102P,2025-26-EVEN,enrolled,2026-01-05
1049,49,248,24CV101T,2025-26-EVEN,enrolled,2026-01-05
1050,49,249,24HS102T,2025-26-EVEN,enrolled,2026-01-05
1051,49,250,24HS103T,2025-26-EVEN,enrolled,2026-01-05
1052,50,127,24INT151,2026-27-ODD,enrolled,2026-06-16
1053,50,128,24MA201T,2026-27-ODD,enrolled,2026-06-16
1054,50,129,24CH201T,2026-27-ODD,enrolled,2026-06-16
1055,50,130,24CH202T,2026-27-ODD,enrolled,2026-06-16
1056,50,131,24CH203T,2026-27-ODD,enrolled,2026-06-16
1057,50,133,24CH203P,2026-27-ODD,enrolled,2026-06-16
1058,50,134,24CH204T,2026-27-ODD,enrolled,2026-06-16
1059,50,136,24CH204P,2026-27-ODD,enrolled,2026-06-16
1060,50,236,24HS105T,2025-26-EVEN,enrolled,2026-01-05
1061,50,237,24MA103T,2025-26-EVEN,enrolled,2026-01-05
1062,50,238,24CP102T,2025-26-EVEN,enrolled,2026-01-05
1063,50,240,24CP102P,2025-26-EVEN,enrolled,2026-01-05
1064,50,241,24PH103T,2025-26-EVEN,enrolled,2026-01-05
1065,50,243,24PH103P,2025-26-EVEN,enrolled,2026-01-05
1066,50,245,24ME101P,2025-26-EVEN,enrolled,2026-01-05
1067,50,247,24ME102P,2025-26-EVEN,enrolled,2026-01-05
1068,50,248,24CV101T,2025-26-EVEN,enrolled,2026-01-05
1069,50,249,24HS102T,2025-26-EVEN,enrolled,2026-01-05
1070,50,250,24HS103T,2025-26-EVEN,enrolled,2026-01-05
1071,51,13,24HS101T,2026-27-ODD,enrolled,2026-06-16
1072,51,14,24MA101T,2026-27-ODD,enrolled,2026-06-16
1073,51,15,24PH102T,2026-27-ODD,enrolled,2026-06-16
1074,51,16,24PH102P,2026-27-ODD,enrolled,2026-06-16
1075,51,18,24CV101T,2026-27-ODD,enrolled,2026-06-16
1076,51,19,24ME101P,2026-27-ODD,enrolled,2026-06-16
1077,51,21,24ME102P,2026-27-ODD,enrolled,2026-06-16
1078,51,23,24CP101T,2026-27-ODD,enrolled,2026-06-16
1079,51,24,24CP101P,2026-27-ODD,enrolled,2026-06-16
1080,51,26,24HS102T,2026-27-ODD,enrolled,2026-06-16
1081,51,27,24HS103T,2026-27-ODD,enrolled,2026-06-16
1082,52,13,24HS101T,2026-27-ODD,enrolled,2026-06-16
1083,52,14,24MA101T,2026-27-ODD,enrolled,2026-06-16
1084,52,15,24PH102T,2026-27-ODD,enrolled,2026-06-16
1085,52,16,24PH102P,2026-27-ODD,enrolled,2026-06-16
1086,52,18,24CV101T,2026-27-ODD,enrolled,2026-06-16
1087,52,19,24ME101P,2026-27-ODD,enrolled,2026-06-16
1088,52,21,24ME102P,2026-27-ODD,enrolled,2026-06-16
1089,52,23,24CP101T,2026-27-ODD,enrolled,2026-06-16
1090,52,24,24CP101P,2026-27-ODD,enrolled,2026-06-16
1091,52,26,24HS102T,2026-27-ODD,enrolled,2026-06-16
1092,52,27,24HS103T,2026-27-ODD,enrolled,2026-06-16
1093,53,13,24HS101T,2026-27-ODD,enrolled,2026-06-16
1094,53,14,24MA101T,2026-27-ODD,enrolled,2026-06-16
1095,53,15,24PH102T,2026-27-ODD,enrolled,2026-06-16
1096,53,16,24PH102P,2026-27-ODD,enrolled,2026-06-16
1097,53,18,24CV101T,2026-27-ODD,enrolled,2026-06-16
1098,53,19,24ME101P,2026-27-ODD,enrolled,2026-06-16
1099,53,21,24ME102P,2026-27-ODD,enrolled,2026-06-16
1100,53,23,24CP101T,2026-27-ODD,enrolled,2026-06-16
1101,53,24,24CP101P,2026-27-ODD,enrolled,2026-06-16
1102,53,26,24HS102T,2026-27-ODD,enrolled,2026-06-16
1103,53,27,24HS103T,2026-27-ODD,enrolled,2026-06-16
1104,54,13,24HS101T,2026-27-ODD,enrolled,2026-06-16
1105,54,14,24MA101T,2026-27-ODD,enrolled,2026-06-16
1106,54,15,24PH102T,2026-27-ODD,enrolled,2026-06-16
1107,54,16,24PH102P,2026-27-ODD,enrolled,2026-06-16
1108,54,18,24CV101T,2026-27-ODD,enrolled,2026-06-16
1109,54,19,24ME101P,2026-27-ODD,enrolled,2026-06-16
1110,54,21,24ME102P,2026-27-ODD,enrolled,2026-06-16
1111,54,23,24CP101T,2026-27-ODD,enrolled,2026-06-16
1112,54,24,24CP101P,2026-27-ODD,enrolled,2026-06-16
1113,54,26,24HS102T,2026-27-ODD,enrolled,2026-06-16
1114,54,27,24HS103T,2026-27-ODD,enrolled,2026-06-16
1115,55,13,24HS101T,2026-27-ODD,enrolled,2026-06-16
1116,55,14,24MA101T,2026-27-ODD,enrolled,2026-06-16
1117,55,15,24PH102T,2026-27-ODD,enrolled,2026-06-16
1118,55,16,24PH102P,2026-27-ODD,enrolled,2026-06-16
1119,55,18,24CV101T,2026-27-ODD,enrolled,2026-06-16
1120,55,19,24ME101P,2026-27-ODD,enrolled,2026-06-16
1121,55,21,24ME102P,2026-27-ODD,enrolled,2026-06-16
1122,55,23,24CP101T,2026-27-ODD,enrolled,2026-06-16
1123,55,24,24CP101P,2026-27-ODD,enrolled,2026-06-16
1124,55,26,24HS102T,2026-27-ODD,enrolled,2026-06-16
1125,55,27,24HS103T,2026-27-ODD,enrolled,2026-06-16
1126,56,13,24HS101T,2026-27-ODD,enrolled,2026-06-16
1127,56,14,24MA101T,2026-27-ODD,enrolled,2026-06-16
1128,56,15,24PH102T,2026-27-ODD,enrolled,2026-06-16
1129,56,16,24PH102P,2026-27-ODD,enrolled,2026-06-16
1130,56,18,24CV101T,2026-27-ODD,enrolled,2026-06-16
1131,56,19,24ME101P,2026-27-ODD,enrolled,2026-06-16
1132,56,21,24ME102P,2026-27-ODD,enrolled,2026-06-16
1133,56,23,24CP101T,2026-27-ODD,enrolled,2026-06-16
1134,56,24,24CP101P,2026-27-ODD,enrolled,2026-06-16
1135,56,26,24HS102T,2026-27-ODD,enrolled,2026-06-16
1136,56,27,24HS103T,2026-27-ODD,enrolled,2026-06-16
1137,57,13,24HS101T,2026-27-ODD,enrolled,2026-06-16
1138,57,14,24MA101T,2026-27-ODD,enrolled,2026-06-16
1139,57,15,24PH102T,2026-27-ODD,enrolled,2026-06-16
1140,57,16,24PH102P,2026-27-ODD,enrolled,2026-06-16
1141,57,18,24CV101T,2026-27-ODD,enrolled,2026-06-16
1142,57,19,24ME101P,2026-27-ODD,enrolled,2026-06-16
1143,57,21,24ME102P,2026-27-ODD,enrolled,2026-06-16
1144,57,23,24CP101T,2026-27-ODD,enrolled,2026-06-16
1145,57,24,24CP101P,2026-27-ODD,enrolled,2026-06-16
1146,57,26,24HS102T,2026-27-ODD,enrolled,2026-06-16
1147,57,27,24HS103T,2026-27-ODD,enrolled,2026-06-16
1148,58,13,24HS101T,2026-27-ODD,enrolled,2026-06-16
1149,58,14,24MA101T,2026-27-ODD,enrolled,2026-06-16
1150,58,15,24PH102T,2026-27-ODD,enrolled,2026-06-16
1151,58,16,24PH102P,2026-27-ODD,enrolled,2026-06-16
1152,58,18,24CV101T,2026-27-ODD,enrolled,2026-06-16
1153,58,19,24ME101P,2026-27-ODD,enrolled,2026-06-16
1154,58,21,24ME102P,2026-27-ODD,enrolled,2026-06-16
1155,58,23,24CP101T,2026-27-ODD,enrolled,2026-06-16
1156,58,24,24CP101P,2026-27-ODD,enrolled,2026-06-16
1157,58,26,24HS102T,2026-27-ODD,enrolled,2026-06-16
1158,58,27,24HS103T,2026-27-ODD,enrolled,2026-06-16
1159,59,13,24HS101T,2026-27-ODD,enrolled,2026-06-16
1160,59,14,24MA101T,2026-27-ODD,enrolled,2026-06-16
1161,59,15,24PH102T,2026-27-ODD,enrolled,2026-06-16
1162,59,17,24PH102P,2026-27-ODD,enrolled,2026-06-16
1163,59,18,24CV101T,2026-27-ODD,enrolled,2026-06-16
1164,59,20,24ME101P,2026-27-ODD,enrolled,2026-06-16
1165,59,22,24ME102P,2026-27-ODD,enrolled,2026-06-16
1166,59,23,24CP101T,2026-27-ODD,enrolled,2026-06-16
1167,59,25,24CP101P,2026-27-ODD,enrolled,2026-06-16
1168,59,26,24HS102T,2026-27-ODD,enrolled,2026-06-16
1169,59,27,24HS103T,2026-27-ODD,enrolled,2026-06-16
1170,60,13,24HS101T,2026-27-ODD,enrolled,2026-06-16
1171,60,14,24MA101T,2026-27-ODD,enrolled,2026-06-16
1172,60,15,24PH102T,2026-27-ODD,enrolled,2026-06-16
1173,60,17,24PH102P,2026-27-ODD,enrolled,2026-06-16
1174,60,18,24CV101T,2026-27-ODD,enrolled,2026-06-16
1175,60,20,24ME101P,2026-27-ODD,enrolled,2026-06-16
1176,60,22,24ME102P,2026-27-ODD,enrolled,2026-06-16
1177,60,23,24CP101T,2026-27-ODD,enrolled,2026-06-16
1178,60,25,24CP101P,2026-27-ODD,enrolled,2026-06-16
1179,60,26,24HS102T,2026-27-ODD,enrolled,2026-06-16
1180,60,27,24HS103T,2026-27-ODD,enrolled,2026-06-16
1181,61,13,24HS101T,2026-27-ODD,enrolled,2026-06-16
1182,61,14,24MA101T,2026-27-ODD,enrolled,2026-06-16
1183,61,15,24PH102T,2026-27-ODD,enrolled,2026-06-16
1184,61,17,24PH102P,2026-27-ODD,enrolled,2026-06-16
1185,61,18,24CV101T,2026-27-ODD,enrolled,2026-06-16
1186,61,20,24ME101P,2026-27-ODD,enrolled,2026-06-16
1187,61,22,24ME102P,2026-27-ODD,enrolled,2026-06-16
1188,61,23,24CP101T,2026-27-ODD,enrolled,2026-06-16
1189,61,25,24CP101P,2026-27-ODD,enrolled,2026-06-16
1190,61,26,24HS102T,2026-27-ODD,enrolled,2026-06-16
1191,61,27,24HS103T,2026-27-ODD,enrolled,2026-06-16
1192,62,13,24HS101T,2026-27-ODD,enrolled,2026-06-16
1193,62,14,24MA101T,2026-27-ODD,enrolled,2026-06-16
1194,62,15,24PH102T,2026-27-ODD,enrolled,2026-06-16
1195,62,17,24PH102P,2026-27-ODD,enrolled,2026-06-16
1196,62,18,24CV101T,2026-27-ODD,enrolled,2026-06-16
1197,62,20,24ME101P,2026-27-ODD,enrolled,2026-06-16
1198,62,22,24ME102P,2026-27-ODD,enrolled,2026-06-16
1199,62,23,24CP101T,2026-27-ODD,enrolled,2026-06-16
1200,62,25,24CP101P,2026-27-ODD,enrolled,2026-06-16
1201,62,26,24HS102T,2026-27-ODD,enrolled,2026-06-16
1202,62,27,24HS103T,2026-27-ODD,enrolled,2026-06-16
1203,63,13,24HS101T,2026-27-ODD,enrolled,2026-06-16
1204,63,14,24MA101T,2026-27-ODD,enrolled,2026-06-16
1205,63,15,24PH102T,2026-27-ODD,enrolled,2026-06-16
1206,63,17,24PH102P,2026-27-ODD,enrolled,2026-06-16
1207,63,18,24CV101T,2026-27-ODD,enrolled,2026-06-16
1208,63,20,24ME101P,2026-27-ODD,enrolled,2026-06-16
1209,63,22,24ME102P,2026-27-ODD,enrolled,2026-06-16
1210,63,23,24CP101T,2026-27-ODD,enrolled,2026-06-16
1211,63,25,24CP101P,2026-27-ODD,enrolled,2026-06-16
1212,63,26,24HS102T,2026-27-ODD,enrolled,2026-06-16
1213,63,27,24HS103T,2026-27-ODD,enrolled,2026-06-16
1214,64,13,24HS101T,2026-27-ODD,enrolled,2026-06-16
1215,64,14,24MA101T,2026-27-ODD,enrolled,2026-06-16
1216,64,15,24PH102T,2026-27-ODD,enrolled,2026-06-16
1217,64,17,24PH102P,2026-27-ODD,enrolled,2026-06-16
1218,64,18,24CV101T,2026-27-ODD,enrolled,2026-06-16
1219,64,20,24ME101P,2026-27-ODD,enrolled,2026-06-16
1220,64,22,24ME102P,2026-27-ODD,enrolled,2026-06-16
1221,64,23,24CP101T,2026-27-ODD,enrolled,2026-06-16
1222,64,25,24CP101P,2026-27-ODD,enrolled,2026-06-16
1223,64,26,24HS102T,2026-27-ODD,enrolled,2026-06-16
1224,64,27,24HS103T,2026-27-ODD,enrolled,2026-06-16
1225,65,13,24HS101T,2026-27-ODD,enrolled,2026-06-16
1226,65,14,24MA101T,2026-27-ODD,enrolled,2026-06-16
1227,65,15,24PH102T,2026-27-ODD,enrolled,2026-06-16
1228,65,17,24PH102P,2026-27-ODD,enrolled,2026-06-16
1229,65,18,24CV101T,2026-27-ODD,enrolled,2026-06-16
1230,65,20,24ME101P,2026-27-ODD,enrolled,2026-06-16
1231,65,22,24ME102P,2026-27-ODD,enrolled,2026-06-16
1232,65,23,24CP101T,2026-27-ODD,enrolled,2026-06-16
1233,65,25,24CP101P,2026-27-ODD,enrolled,2026-06-16
1234,65,26,24HS102T,2026-27-ODD,enrolled,2026-06-16
1235,65,27,24HS103T,2026-27-ODD,enrolled,2026-06-16
1236,66,13,24HS101T,2026-27-ODD,enrolled,2026-06-16
1237,66,14,24MA101T,2026-27-ODD,enrolled,2026-06-16
1238,66,15,24PH102T,2026-27-ODD,enrolled,2026-06-16
1239,66,17,24PH102P,2026-27-ODD,enrolled,2026-06-16
1240,66,18,24CV101T,2026-27-ODD,enrolled,2026-06-16
1241,66,20,24ME101P,2026-27-ODD,enrolled,2026-06-16
1242,66,22,24ME102P,2026-27-ODD,enrolled,2026-06-16
1243,66,23,24CP101T,2026-27-ODD,enrolled,2026-06-16
1244,66,25,24CP101P,2026-27-ODD,enrolled,2026-06-16
1245,66,26,24HS102T,2026-27-ODD,enrolled,2026-06-16
1246,66,27,24HS103T,2026-27-ODD,enrolled,2026-06-16
1247,67,39,24HS101T,2026-27-ODD,enrolled,2026-06-16
1248,67,40,24MA101T,2026-27-ODD,enrolled,2026-06-16
1249,67,41,24PH102T,2026-27-ODD,enrolled,2026-06-16
1250,67,42,24PH102P,2026-27-ODD,enrolled,2026-06-16
1251,67,44,24CV101T,2026-27-ODD,enrolled,2026-06-16
1252,67,45,24ME101P,2026-27-ODD,enrolled,2026-06-16
1253,67,47,24BT102T,2026-27-ODD,enrolled,2026-06-16
1254,67,48,24CP101T,2026-27-ODD,enrolled,2026-06-16
1255,67,49,24CP101P,2026-27-ODD,enrolled,2026-06-16
1256,67,51,24HS102T,2026-27-ODD,enrolled,2026-06-16
1257,67,52,24HS103T,2026-27-ODD,enrolled,2026-06-16
1258,68,39,24HS101T,2026-27-ODD,enrolled,2026-06-16
1259,68,40,24MA101T,2026-27-ODD,enrolled,2026-06-16
1260,68,41,24PH102T,2026-27-ODD,enrolled,2026-06-16
1261,68,42,24PH102P,2026-27-ODD,enrolled,2026-06-16
1262,68,44,24CV101T,2026-27-ODD,enrolled,2026-06-16
1263,68,45,24ME101P,2026-27-ODD,enrolled,2026-06-16
1264,68,47,24BT102T,2026-27-ODD,enrolled,2026-06-16
1265,68,48,24CP101T,2026-27-ODD,enrolled,2026-06-16
1266,68,49,24CP101P,2026-27-ODD,enrolled,2026-06-16
1267,68,51,24HS102T,2026-27-ODD,enrolled,2026-06-16
1268,68,52,24HS103T,2026-27-ODD,enrolled,2026-06-16
1269,69,39,24HS101T,2026-27-ODD,enrolled,2026-06-16
1270,69,40,24MA101T,2026-27-ODD,enrolled,2026-06-16
1271,69,41,24PH102T,2026-27-ODD,enrolled,2026-06-16
1272,69,42,24PH102P,2026-27-ODD,enrolled,2026-06-16
1273,69,44,24CV101T,2026-27-ODD,enrolled,2026-06-16
1274,69,45,24ME101P,2026-27-ODD,enrolled,2026-06-16
1275,69,47,24BT102T,2026-27-ODD,enrolled,2026-06-16
1276,69,48,24CP101T,2026-27-ODD,enrolled,2026-06-16
1277,69,49,24CP101P,2026-27-ODD,enrolled,2026-06-16
1278,69,51,24HS102T,2026-27-ODD,enrolled,2026-06-16
1279,69,52,24HS103T,2026-27-ODD,enrolled,2026-06-16
1280,70,39,24HS101T,2026-27-ODD,enrolled,2026-06-16
1281,70,40,24MA101T,2026-27-ODD,enrolled,2026-06-16
1282,70,41,24PH102T,2026-27-ODD,enrolled,2026-06-16
1283,70,42,24PH102P,2026-27-ODD,enrolled,2026-06-16
1284,70,44,24CV101T,2026-27-ODD,enrolled,2026-06-16
1285,70,45,24ME101P,2026-27-ODD,enrolled,2026-06-16
1286,70,47,24BT102T,2026-27-ODD,enrolled,2026-06-16
1287,70,48,24CP101T,2026-27-ODD,enrolled,2026-06-16
1288,70,49,24CP101P,2026-27-ODD,enrolled,2026-06-16
1289,70,51,24HS102T,2026-27-ODD,enrolled,2026-06-16
1290,70,52,24HS103T,2026-27-ODD,enrolled,2026-06-16
1291,71,39,24HS101T,2026-27-ODD,enrolled,2026-06-16
1292,71,40,24MA101T,2026-27-ODD,enrolled,2026-06-16
1293,71,41,24PH102T,2026-27-ODD,enrolled,2026-06-16
1294,71,42,24PH102P,2026-27-ODD,enrolled,2026-06-16
1295,71,44,24CV101T,2026-27-ODD,enrolled,2026-06-16
1296,71,45,24ME101P,2026-27-ODD,enrolled,2026-06-16
1297,71,47,24BT102T,2026-27-ODD,enrolled,2026-06-16
1298,71,48,24CP101T,2026-27-ODD,enrolled,2026-06-16
1299,71,49,24CP101P,2026-27-ODD,enrolled,2026-06-16
1300,71,51,24HS102T,2026-27-ODD,enrolled,2026-06-16
1301,71,52,24HS103T,2026-27-ODD,enrolled,2026-06-16
1302,72,39,24HS101T,2026-27-ODD,enrolled,2026-06-16
1303,72,40,24MA101T,2026-27-ODD,enrolled,2026-06-16
1304,72,41,24PH102T,2026-27-ODD,enrolled,2026-06-16
1305,72,43,24PH102P,2026-27-ODD,enrolled,2026-06-16
1306,72,44,24CV101T,2026-27-ODD,enrolled,2026-06-16
1307,72,46,24ME101P,2026-27-ODD,enrolled,2026-06-16
1308,72,47,24BT102T,2026-27-ODD,enrolled,2026-06-16
1309,72,48,24CP101T,2026-27-ODD,enrolled,2026-06-16
1310,72,50,24CP101P,2026-27-ODD,enrolled,2026-06-16
1311,72,51,24HS102T,2026-27-ODD,enrolled,2026-06-16
1312,72,52,24HS103T,2026-27-ODD,enrolled,2026-06-16
1313,73,39,24HS101T,2026-27-ODD,enrolled,2026-06-16
1314,73,40,24MA101T,2026-27-ODD,enrolled,2026-06-16
1315,73,41,24PH102T,2026-27-ODD,enrolled,2026-06-16
1316,73,43,24PH102P,2026-27-ODD,enrolled,2026-06-16
1317,73,44,24CV101T,2026-27-ODD,enrolled,2026-06-16
1318,73,46,24ME101P,2026-27-ODD,enrolled,2026-06-16
1319,73,47,24BT102T,2026-27-ODD,enrolled,2026-06-16
1320,73,48,24CP101T,2026-27-ODD,enrolled,2026-06-16
1321,73,50,24CP101P,2026-27-ODD,enrolled,2026-06-16
1322,73,51,24HS102T,2026-27-ODD,enrolled,2026-06-16
1323,73,52,24HS103T,2026-27-ODD,enrolled,2026-06-16
1324,74,39,24HS101T,2026-27-ODD,enrolled,2026-06-16
1325,74,40,24MA101T,2026-27-ODD,enrolled,2026-06-16
1326,74,41,24PH102T,2026-27-ODD,enrolled,2026-06-16
1327,74,43,24PH102P,2026-27-ODD,enrolled,2026-06-16
1328,74,44,24CV101T,2026-27-ODD,enrolled,2026-06-16
1329,74,46,24ME101P,2026-27-ODD,enrolled,2026-06-16
1330,74,47,24BT102T,2026-27-ODD,enrolled,2026-06-16
1331,74,48,24CP101T,2026-27-ODD,enrolled,2026-06-16
1332,74,50,24CP101P,2026-27-ODD,enrolled,2026-06-16
1333,74,51,24HS102T,2026-27-ODD,enrolled,2026-06-16
1334,74,52,24HS103T,2026-27-ODD,enrolled,2026-06-16
1335,75,39,24HS101T,2026-27-ODD,enrolled,2026-06-16
1336,75,40,24MA101T,2026-27-ODD,enrolled,2026-06-16
1337,75,41,24PH102T,2026-27-ODD,enrolled,2026-06-16
1338,75,43,24PH102P,2026-27-ODD,enrolled,2026-06-16
1339,75,44,24CV101T,2026-27-ODD,enrolled,2026-06-16
1340,75,46,24ME101P,2026-27-ODD,enrolled,2026-06-16
1341,75,47,24BT102T,2026-27-ODD,enrolled,2026-06-16
1342,75,48,24CP101T,2026-27-ODD,enrolled,2026-06-16
1343,75,50,24CP101P,2026-27-ODD,enrolled,2026-06-16
1344,75,51,24HS102T,2026-27-ODD,enrolled,2026-06-16
1345,75,52,24HS103T,2026-27-ODD,enrolled,2026-06-16
1346,76,39,24HS101T,2026-27-ODD,enrolled,2026-06-16
1347,76,40,24MA101T,2026-27-ODD,enrolled,2026-06-16
1348,76,41,24PH102T,2026-27-ODD,enrolled,2026-06-16
1349,76,43,24PH102P,2026-27-ODD,enrolled,2026-06-16
1350,76,44,24CV101T,2026-27-ODD,enrolled,2026-06-16
1351,76,46,24ME101P,2026-27-ODD,enrolled,2026-06-16
1352,76,47,24BT102T,2026-27-ODD,enrolled,2026-06-16
1353,76,48,24CP101T,2026-27-ODD,enrolled,2026-06-16
1354,76,50,24CP101P,2026-27-ODD,enrolled,2026-06-16
1355,76,51,24HS102T,2026-27-ODD,enrolled,2026-06-16
1356,76,52,24HS103T,2026-27-ODD,enrolled,2026-06-16
1357,77,63,24HS101T,2026-27-ODD,enrolled,2026-06-16
1358,77,64,24MA101T,2026-27-ODD,enrolled,2026-06-16
1359,77,65,24PH101T,2026-27-ODD,enrolled,2026-06-16
1360,77,66,24PH101P,2026-27-ODD,enrolled,2026-06-16
1361,77,68,24CV101T,2026-27-ODD,enrolled,2026-06-16
1362,77,69,24ME101P,2026-27-ODD,enrolled,2026-06-16
1363,77,71,24BT102T,2026-27-ODD,enrolled,2026-06-16
1364,77,72,24CP101T,2026-27-ODD,enrolled,2026-06-16
1365,77,73,24CP101P,2026-27-ODD,enrolled,2026-06-16
1366,77,75,24HS102T,2026-27-ODD,enrolled,2026-06-16
1367,77,76,24HS103T,2026-27-ODD,enrolled,2026-06-16
1368,78,63,24HS101T,2026-27-ODD,enrolled,2026-06-16
1369,78,64,24MA101T,2026-27-ODD,enrolled,2026-06-16
1370,78,65,24PH101T,2026-27-ODD,enrolled,2026-06-16
1371,78,66,24PH101P,2026-27-ODD,enrolled,2026-06-16
1372,78,68,24CV101T,2026-27-ODD,enrolled,2026-06-16
1373,78,69,24ME101P,2026-27-ODD,enrolled,2026-06-16
1374,78,71,24BT102T,2026-27-ODD,enrolled,2026-06-16
1375,78,72,24CP101T,2026-27-ODD,enrolled,2026-06-16
1376,78,73,24CP101P,2026-27-ODD,enrolled,2026-06-16
1377,78,75,24HS102T,2026-27-ODD,enrolled,2026-06-16
1378,78,76,24HS103T,2026-27-ODD,enrolled,2026-06-16
1379,79,63,24HS101T,2026-27-ODD,enrolled,2026-06-16
1380,79,64,24MA101T,2026-27-ODD,enrolled,2026-06-16
1381,79,65,24PH101T,2026-27-ODD,enrolled,2026-06-16
1382,79,66,24PH101P,2026-27-ODD,enrolled,2026-06-16
1383,79,68,24CV101T,2026-27-ODD,enrolled,2026-06-16
1384,79,69,24ME101P,2026-27-ODD,enrolled,2026-06-16
1385,79,71,24BT102T,2026-27-ODD,enrolled,2026-06-16
1386,79,72,24CP101T,2026-27-ODD,enrolled,2026-06-16
1387,79,73,24CP101P,2026-27-ODD,enrolled,2026-06-16
1388,79,75,24HS102T,2026-27-ODD,enrolled,2026-06-16
1389,79,76,24HS103T,2026-27-ODD,enrolled,2026-06-16
1390,80,63,24HS101T,2026-27-ODD,enrolled,2026-06-16
1391,80,64,24MA101T,2026-27-ODD,enrolled,2026-06-16
1392,80,65,24PH101T,2026-27-ODD,enrolled,2026-06-16
1393,80,67,24PH101P,2026-27-ODD,enrolled,2026-06-16
1394,80,68,24CV101T,2026-27-ODD,enrolled,2026-06-16
1395,80,70,24ME101P,2026-27-ODD,enrolled,2026-06-16
1396,80,71,24BT102T,2026-27-ODD,enrolled,2026-06-16
1397,80,72,24CP101T,2026-27-ODD,enrolled,2026-06-16
1398,80,74,24CP101P,2026-27-ODD,enrolled,2026-06-16
1399,80,75,24HS102T,2026-27-ODD,enrolled,2026-06-16
1400,80,76,24HS103T,2026-27-ODD,enrolled,2026-06-16
1401,81,63,24HS101T,2026-27-ODD,enrolled,2026-06-16
1402,81,64,24MA101T,2026-27-ODD,enrolled,2026-06-16
1403,81,65,24PH101T,2026-27-ODD,enrolled,2026-06-16
1404,81,67,24PH101P,2026-27-ODD,enrolled,2026-06-16
1405,81,68,24CV101T,2026-27-ODD,enrolled,2026-06-16
1406,81,70,24ME101P,2026-27-ODD,enrolled,2026-06-16
1407,81,71,24BT102T,2026-27-ODD,enrolled,2026-06-16
1408,81,72,24CP101T,2026-27-ODD,enrolled,2026-06-16
1409,81,74,24CP101P,2026-27-ODD,enrolled,2026-06-16
1410,81,75,24HS102T,2026-27-ODD,enrolled,2026-06-16
1411,81,76,24HS103T,2026-27-ODD,enrolled,2026-06-16
1412,82,63,24HS101T,2026-27-ODD,enrolled,2026-06-16
1413,82,64,24MA101T,2026-27-ODD,enrolled,2026-06-16
1414,82,65,24PH101T,2026-27-ODD,enrolled,2026-06-16
1415,82,67,24PH101P,2026-27-ODD,enrolled,2026-06-16
1416,82,68,24CV101T,2026-27-ODD,enrolled,2026-06-16
1417,82,70,24ME101P,2026-27-ODD,enrolled,2026-06-16
1418,82,71,24BT102T,2026-27-ODD,enrolled,2026-06-16
1419,82,72,24CP101T,2026-27-ODD,enrolled,2026-06-16
1420,82,74,24CP101P,2026-27-ODD,enrolled,2026-06-16
1421,82,75,24HS102T,2026-27-ODD,enrolled,2026-06-16
1422,82,76,24HS103T,2026-27-ODD,enrolled,2026-06-16
1423,83,89,24MA101T,2026-27-ODD,enrolled,2026-06-16
1424,83,90,24PH102T,2026-27-ODD,enrolled,2026-06-16
1425,83,91,24PH102P,2026-27-ODD,enrolled,2026-06-16
1426,83,93,24BT102T,2026-27-ODD,enrolled,2026-06-16
1427,83,94,24CV101T,2026-27-ODD,enrolled,2026-06-16
1428,83,95,24CP101T,2026-27-ODD,enrolled,2026-06-16
1429,83,96,24CP101P,2026-27-ODD,enrolled,2026-06-16
1430,83,98,24ME101P,2026-27-ODD,enrolled,2026-06-16
1431,83,100,24ME102P,2026-27-ODD,enrolled,2026-06-16
1432,83,102,24HS101T,2026-27-ODD,enrolled,2026-06-16
1433,83,103,24HS102T,2026-27-ODD,enrolled,2026-06-16
1434,84,89,24MA101T,2026-27-ODD,enrolled,2026-06-16
1435,84,90,24PH102T,2026-27-ODD,enrolled,2026-06-16
1436,84,91,24PH102P,2026-27-ODD,enrolled,2026-06-16
1437,84,93,24BT102T,2026-27-ODD,enrolled,2026-06-16
1438,84,94,24CV101T,2026-27-ODD,enrolled,2026-06-16
1439,84,95,24CP101T,2026-27-ODD,enrolled,2026-06-16
1440,84,96,24CP101P,2026-27-ODD,enrolled,2026-06-16
1441,84,98,24ME101P,2026-27-ODD,enrolled,2026-06-16
1442,84,100,24ME102P,2026-27-ODD,enrolled,2026-06-16
1443,84,102,24HS101T,2026-27-ODD,enrolled,2026-06-16
1444,84,103,24HS102T,2026-27-ODD,enrolled,2026-06-16
1445,85,89,24MA101T,2026-27-ODD,enrolled,2026-06-16
1446,85,90,24PH102T,2026-27-ODD,enrolled,2026-06-16
1447,85,91,24PH102P,2026-27-ODD,enrolled,2026-06-16
1448,85,93,24BT102T,2026-27-ODD,enrolled,2026-06-16
1449,85,94,24CV101T,2026-27-ODD,enrolled,2026-06-16
1450,85,95,24CP101T,2026-27-ODD,enrolled,2026-06-16
1451,85,96,24CP101P,2026-27-ODD,enrolled,2026-06-16
1452,85,98,24ME101P,2026-27-ODD,enrolled,2026-06-16
1453,85,100,24ME102P,2026-27-ODD,enrolled,2026-06-16
1454,85,102,24HS101T,2026-27-ODD,enrolled,2026-06-16
1455,85,103,24HS102T,2026-27-ODD,enrolled,2026-06-16
1456,86,89,24MA101T,2026-27-ODD,enrolled,2026-06-16
1457,86,90,24PH102T,2026-27-ODD,enrolled,2026-06-16
1458,86,92,24PH102P,2026-27-ODD,enrolled,2026-06-16
1459,86,93,24BT102T,2026-27-ODD,enrolled,2026-06-16
1460,86,94,24CV101T,2026-27-ODD,enrolled,2026-06-16
1461,86,95,24CP101T,2026-27-ODD,enrolled,2026-06-16
1462,86,97,24CP101P,2026-27-ODD,enrolled,2026-06-16
1463,86,99,24ME101P,2026-27-ODD,enrolled,2026-06-16
1464,86,101,24ME102P,2026-27-ODD,enrolled,2026-06-16
1465,86,102,24HS101T,2026-27-ODD,enrolled,2026-06-16
1466,86,103,24HS102T,2026-27-ODD,enrolled,2026-06-16
1467,87,89,24MA101T,2026-27-ODD,enrolled,2026-06-16
1468,87,90,24PH102T,2026-27-ODD,enrolled,2026-06-16
1469,87,92,24PH102P,2026-27-ODD,enrolled,2026-06-16
1470,87,93,24BT102T,2026-27-ODD,enrolled,2026-06-16
1471,87,94,24CV101T,2026-27-ODD,enrolled,2026-06-16
1472,87,95,24CP101T,2026-27-ODD,enrolled,2026-06-16
1473,87,97,24CP101P,2026-27-ODD,enrolled,2026-06-16
1474,87,99,24ME101P,2026-27-ODD,enrolled,2026-06-16
1475,87,101,24ME102P,2026-27-ODD,enrolled,2026-06-16
1476,87,102,24HS101T,2026-27-ODD,enrolled,2026-06-16
1477,87,103,24HS102T,2026-27-ODD,enrolled,2026-06-16
1478,88,89,24MA101T,2026-27-ODD,enrolled,2026-06-16
1479,88,90,24PH102T,2026-27-ODD,enrolled,2026-06-16
1480,88,92,24PH102P,2026-27-ODD,enrolled,2026-06-16
1481,88,93,24BT102T,2026-27-ODD,enrolled,2026-06-16
1482,88,94,24CV101T,2026-27-ODD,enrolled,2026-06-16
1483,88,95,24CP101T,2026-27-ODD,enrolled,2026-06-16
1484,88,97,24CP101P,2026-27-ODD,enrolled,2026-06-16
1485,88,99,24ME101P,2026-27-ODD,enrolled,2026-06-16
1486,88,101,24ME102P,2026-27-ODD,enrolled,2026-06-16
1487,88,102,24HS101T,2026-27-ODD,enrolled,2026-06-16
1488,88,103,24HS102T,2026-27-ODD,enrolled,2026-06-16
1489,89,113,24HS101T,2026-27-ODD,enrolled,2026-06-16
1490,89,114,24MA101T,2026-27-ODD,enrolled,2026-06-16
1491,89,115,24PH102T,2026-27-ODD,enrolled,2026-06-16
1492,89,116,24PH102P,2026-27-ODD,enrolled,2026-06-16
1493,89,118,24CV101T,2026-27-ODD,enrolled,2026-06-16
1494,89,119,24ME101P,2026-27-ODD,enrolled,2026-06-16
1495,89,121,24BT102T,2026-27-ODD,enrolled,2026-06-16
1496,89,122,24CP101T,2026-27-ODD,enrolled,2026-06-16
1497,89,123,24CP101P,2026-27-ODD,enrolled,2026-06-16
1498,89,125,24HS102T,2026-27-ODD,enrolled,2026-06-16
1499,89,126,24HS103T,2026-27-ODD,enrolled,2026-06-16
1500,90,113,24HS101T,2026-27-ODD,enrolled,2026-06-16
1501,90,114,24MA101T,2026-27-ODD,enrolled,2026-06-16
1502,90,115,24PH102T,2026-27-ODD,enrolled,2026-06-16
1503,90,116,24PH102P,2026-27-ODD,enrolled,2026-06-16
1504,90,118,24CV101T,2026-27-ODD,enrolled,2026-06-16
1505,90,119,24ME101P,2026-27-ODD,enrolled,2026-06-16
1506,90,121,24BT102T,2026-27-ODD,enrolled,2026-06-16
1507,90,122,24CP101T,2026-27-ODD,enrolled,2026-06-16
1508,90,123,24CP101P,2026-27-ODD,enrolled,2026-06-16
1509,90,125,24HS102T,2026-27-ODD,enrolled,2026-06-16
1510,90,126,24HS103T,2026-27-ODD,enrolled,2026-06-16
1511,91,113,24HS101T,2026-27-ODD,enrolled,2026-06-16
1512,91,114,24MA101T,2026-27-ODD,enrolled,2026-06-16
1513,91,115,24PH102T,2026-27-ODD,enrolled,2026-06-16
1514,91,116,24PH102P,2026-27-ODD,enrolled,2026-06-16
1515,91,118,24CV101T,2026-27-ODD,enrolled,2026-06-16
1516,91,119,24ME101P,2026-27-ODD,enrolled,2026-06-16
1517,91,121,24BT102T,2026-27-ODD,enrolled,2026-06-16
1518,91,122,24CP101T,2026-27-ODD,enrolled,2026-06-16
1519,91,123,24CP101P,2026-27-ODD,enrolled,2026-06-16
1520,91,125,24HS102T,2026-27-ODD,enrolled,2026-06-16
1521,91,126,24HS103T,2026-27-ODD,enrolled,2026-06-16
1522,92,113,24HS101T,2026-27-ODD,enrolled,2026-06-16
1523,92,114,24MA101T,2026-27-ODD,enrolled,2026-06-16
1524,92,115,24PH102T,2026-27-ODD,enrolled,2026-06-16
1525,92,117,24PH102P,2026-27-ODD,enrolled,2026-06-16
1526,92,118,24CV101T,2026-27-ODD,enrolled,2026-06-16
1527,92,120,24ME101P,2026-27-ODD,enrolled,2026-06-16
1528,92,121,24BT102T,2026-27-ODD,enrolled,2026-06-16
1529,92,122,24CP101T,2026-27-ODD,enrolled,2026-06-16
1530,92,124,24CP101P,2026-27-ODD,enrolled,2026-06-16
1531,92,125,24HS102T,2026-27-ODD,enrolled,2026-06-16
1532,92,126,24HS103T,2026-27-ODD,enrolled,2026-06-16
1533,93,113,24HS101T,2026-27-ODD,enrolled,2026-06-16
1534,93,114,24MA101T,2026-27-ODD,enrolled,2026-06-16
1535,93,115,24PH102T,2026-27-ODD,enrolled,2026-06-16
1536,93,117,24PH102P,2026-27-ODD,enrolled,2026-06-16
1537,93,118,24CV101T,2026-27-ODD,enrolled,2026-06-16
1538,93,120,24ME101P,2026-27-ODD,enrolled,2026-06-16
1539,93,121,24BT102T,2026-27-ODD,enrolled,2026-06-16
1540,93,122,24CP101T,2026-27-ODD,enrolled,2026-06-16
1541,93,124,24CP101P,2026-27-ODD,enrolled,2026-06-16
1542,93,125,24HS102T,2026-27-ODD,enrolled,2026-06-16
1543,93,126,24HS103T,2026-27-ODD,enrolled,2026-06-16
1544,94,113,24HS101T,2026-27-ODD,enrolled,2026-06-16
1545,94,114,24MA101T,2026-27-ODD,enrolled,2026-06-16
1546,94,115,24PH102T,2026-27-ODD,enrolled,2026-06-16
1547,94,117,24PH102P,2026-27-ODD,enrolled,2026-06-16
1548,94,118,24CV101T,2026-27-ODD,enrolled,2026-06-16
1549,94,120,24ME101P,2026-27-ODD,enrolled,2026-06-16
1550,94,121,24BT102T,2026-27-ODD,enrolled,2026-06-16
1551,94,122,24CP101T,2026-27-ODD,enrolled,2026-06-16
1552,94,124,24CP101P,2026-27-ODD,enrolled,2026-06-16
1553,94,125,24HS102T,2026-27-ODD,enrolled,2026-06-16
1554,94,126,24HS103T,2026-27-ODD,enrolled,2026-06-16
1555,95,137,24MA101T,2026-27-ODD,enrolled,2026-06-16
1556,95,138,24HS101T,2026-27-ODD,enrolled,2026-06-16
1557,95,139,24CP101T,2026-27-ODD,enrolled,2026-06-16
1558,95,140,24CP101P,2026-27-ODD,enrolled,2026-06-16
1559,95,142,24CH101T,2026-27-ODD,enrolled,2026-06-16
1560,95,143,24CH101P,2026-27-ODD,enrolled,2026-06-16
1561,95,145,24EE101T,2026-27-ODD,enrolled,2026-06-16
1562,95,146,24EE101P,2026-27-ODD,enrolled,2026-06-16
1563,95,148,24BT101T,2026-27-ODD,enrolled,2026-06-16
1564,95,149,24HS104T,2026-27-ODD,enrolled,2026-06-16
1565,95,150,24YOG101,2026-27-ODD,enrolled,2026-06-16
1566,95,151,24NSS101,2026-27-ODD,enrolled,2026-06-16
1567,95,152,24NCC101,2026-27-ODD,enrolled,2026-06-16
1568,96,137,24MA101T,2026-27-ODD,enrolled,2026-06-16
1569,96,138,24HS101T,2026-27-ODD,enrolled,2026-06-16
1570,96,139,24CP101T,2026-27-ODD,enrolled,2026-06-16
1571,96,140,24CP101P,2026-27-ODD,enrolled,2026-06-16
1572,96,142,24CH101T,2026-27-ODD,enrolled,2026-06-16
1573,96,143,24CH101P,2026-27-ODD,enrolled,2026-06-16
1574,96,145,24EE101T,2026-27-ODD,enrolled,2026-06-16
1575,96,146,24EE101P,2026-27-ODD,enrolled,2026-06-16
1576,96,148,24BT101T,2026-27-ODD,enrolled,2026-06-16
1577,96,149,24HS104T,2026-27-ODD,enrolled,2026-06-16
1578,96,150,24YOG101,2026-27-ODD,enrolled,2026-06-16
1579,96,151,24NSS101,2026-27-ODD,enrolled,2026-06-16
1580,96,152,24NCC101,2026-27-ODD,enrolled,2026-06-16
1581,97,137,24MA101T,2026-27-ODD,enrolled,2026-06-16
1582,97,138,24HS101T,2026-27-ODD,enrolled,2026-06-16
1583,97,139,24CP101T,2026-27-ODD,enrolled,2026-06-16
1584,97,140,24CP101P,2026-27-ODD,enrolled,2026-06-16
1585,97,142,24CH101T,2026-27-ODD,enrolled,2026-06-16
1586,97,143,24CH101P,2026-27-ODD,enrolled,2026-06-16
1587,97,145,24EE101T,2026-27-ODD,enrolled,2026-06-16
1588,97,146,24EE101P,2026-27-ODD,enrolled,2026-06-16
1589,97,148,24BT101T,2026-27-ODD,enrolled,2026-06-16
1590,97,149,24HS104T,2026-27-ODD,enrolled,2026-06-16
1591,97,150,24YOG101,2026-27-ODD,enrolled,2026-06-16
1592,97,151,24NSS101,2026-27-ODD,enrolled,2026-06-16
1593,97,152,24NCC101,2026-27-ODD,enrolled,2026-06-16
1594,98,137,24MA101T,2026-27-ODD,enrolled,2026-06-16
1595,98,138,24HS101T,2026-27-ODD,enrolled,2026-06-16
1596,98,139,24CP101T,2026-27-ODD,enrolled,2026-06-16
1597,98,141,24CP101P,2026-27-ODD,enrolled,2026-06-16
1598,98,142,24CH101T,2026-27-ODD,enrolled,2026-06-16
1599,98,144,24CH101P,2026-27-ODD,enrolled,2026-06-16
1600,98,145,24EE101T,2026-27-ODD,enrolled,2026-06-16
1601,98,147,24EE101P,2026-27-ODD,enrolled,2026-06-16
1602,98,148,24BT101T,2026-27-ODD,enrolled,2026-06-16
1603,98,149,24HS104T,2026-27-ODD,enrolled,2026-06-16
1604,98,150,24YOG101,2026-27-ODD,enrolled,2026-06-16
1605,98,151,24NSS101,2026-27-ODD,enrolled,2026-06-16
1606,98,152,24NCC101,2026-27-ODD,enrolled,2026-06-16
1607,99,137,24MA101T,2026-27-ODD,enrolled,2026-06-16
1608,99,138,24HS101T,2026-27-ODD,enrolled,2026-06-16
1609,99,139,24CP101T,2026-27-ODD,enrolled,2026-06-16
1610,99,141,24CP101P,2026-27-ODD,enrolled,2026-06-16
1611,99,142,24CH101T,2026-27-ODD,enrolled,2026-06-16
1612,99,144,24CH101P,2026-27-ODD,enrolled,2026-06-16
1613,99,145,24EE101T,2026-27-ODD,enrolled,2026-06-16
1614,99,147,24EE101P,2026-27-ODD,enrolled,2026-06-16
1615,99,148,24BT101T,2026-27-ODD,enrolled,2026-06-16
1616,99,149,24HS104T,2026-27-ODD,enrolled,2026-06-16
1617,99,150,24YOG101,2026-27-ODD,enrolled,2026-06-16
1618,99,151,24NSS101,2026-27-ODD,enrolled,2026-06-16
1619,99,152,24NCC101,2026-27-ODD,enrolled,2026-06-16
1620,100,137,24MA101T,2026-27-ODD,enrolled,2026-06-16
1621,100,138,24HS101T,2026-27-ODD,enrolled,2026-06-16
1622,100,139,24CP101T,2026-27-ODD,enrolled,2026-06-16
1623,100,141,24CP101P,2026-27-ODD,enrolled,2026-06-16
1624,100,142,24CH101T,2026-27-ODD,enrolled,2026-06-16
1625,100,144,24CH101P,2026-27-ODD,enrolled,2026-06-16
1626,100,145,24EE101T,2026-27-ODD,enrolled,2026-06-16
1627,100,147,24EE101P,2026-27-ODD,enrolled,2026-06-16
1628,100,148,24BT101T,2026-27-ODD,enrolled,2026-06-16
1629,100,149,24HS104T,2026-27-ODD,enrolled,2026-06-16
1630,100,150,24YOG101,2026-27-ODD,enrolled,2026-06-16
1631,100,151,24NSS101,2026-27-ODD,enrolled,2026-06-16
1632,100,152,24NCC101,2026-27-ODD,enrolled,2026-06-16
