id,student_id,roll_no,term,semester,credits_registered,credits_earned,sgpa,cgpa,result_status,backlogs,declared_on
1,1,25BCP001,2025-26-EVEN,2,22,22,9.82,9.52,Pass,0,2026-06-09
2,2,25BCP002,2025-26-EVEN,2,22,22,9.41,9.55,Pass,0,2026-06-09
3,3,25BCP003,2025-26-EVEN,2,22,22,8.95,9.24,Pass,0,2026-06-09
4,4,25BCP004,2025-26-EVEN,2,22,22,8.23,8.19,Pass,0,2026-06-09
5,5,25BCP005,2025-26-EVEN,2,22,22,5.64,5.64,Pass,0,2026-06-09
6,6,25BCP006,2025-26-EVEN,2,22,22,8.36,8.4,Pass,0,2026-06-09
7,7,25BCP007,2025-26-EVEN,2,22,22,9.73,9.67,Pass,0,2026-06-09
8,8,25BCP008,2025-26-EVEN,2,22,22,8.32,8.24,Pass,0,2026-06-09
9,9,25BCP009,2025-26-EVEN,2,22,22,6.77,6.64,Pass,0,2026-06-09
10,10,25BCP010,2025-26-EVEN,2,22,22,8.36,7.93,Pass,0,2026-06-09
11,11,25BCP011,2025-26-EVEN,2,22,22,8.55,8.4,Pass,0,2026-06-09
12,12,25BCP012,2025-26-EVEN,2,22,22,7.91,8.17,Pass,0,2026-06-09
13,13,25BCP013,2025-26-EVEN,2,22,22,7.14,6.9,Pass,0,2026-06-09
14,14,25BCP014,2025-26-EVEN,2,22,22,8.77,8.71,Pass,0,2026-06-09
15,15,25BCP015,2025-26-EVEN,2,22,22,8.36,8.26,Pass,0,2026-06-09
16,16,25BCP016,2025-26-EVEN,2,22,22,9.45,9.24,Pass,0,2026-06-09
17,17,25BCP017,2025-26-EVEN,2,22,22,9.45,9.31,Pass,0,2026-06-09
18,18,25BCP018,2025-26-EVEN,2,22,22,7.36,7.26,Pass,0,2026-06-09
19,19,25BCP019,2025-26-EVEN,2,22,22,7.82,7.74,Pass,0,2026-06-09
20,20,25BCP020,2025-26-EVEN,2,22,22,8.91,8.71,Pass,0,2026-06-09
21,21,25BCP021,2025-26-EVEN,2,22,21,8.05,7.88,ATKT,1,2026-06-09
22,22,25BCP022,2025-26-EVEN,2,22,22,9.36,9.21,Pass,0,2026-06-09
23,23,25BIT001,2025-26-EVEN,2,22,22,8.68,8.43,Pass,0,2026-06-09
24,24,25BIT002,2025-26-EVEN,2,22,22,9.73,9.5,Pass,0,2026-06-09
25,25,25BIT003,2025-26-EVEN,2,22,22,9.73,9.57,Pass,0,2026-06-09
26,26,25BIT004,2025-26-EVEN,2,22,22,7.09,6.71,Pass,0,2026-06-09
27,27,25BIT005,2025-26-EVEN,2,22,22,7.23,7.26,Pass,0,2026-06-09
28,28,25BIT006,2025-26-EVEN,2,22,22,8.82,8.52,Pass,0,2026-06-09
29,29,25BIT007,2025-26-EVEN,2,22,22,9.23,8.9,Pass,0,2026-06-09
30,30,25BIT008,2025-26-EVEN,2,22,22,7.14,7.07,Pass,0,2026-06-09
31,31,25BIT009,2025-26-EVEN,2,22,22,8.18,8.14,Pass,0,2026-06-09
32,32,25BIT010,2025-26-EVEN,2,22,20,7.64,8.24,ATKT,1,2026-06-09
33,33,25BEC001,2025-26-EVEN,2,22,22,9.09,9.33,Pass,0,2026-06-09
34,34,25BEC002,2025-26-EVEN,2,22,22,9.05,9.05,Pass,0,2026-06-09
35,35,25BEC003,2025-26-EVEN,2,22,22,9.23,8.76,Pass,0,2026-06-09
36,36,25BEC004,2025-26-EVEN,2,22,19,7.59,7.95,ATKT,1,2026-06-09
37,37,25BEC005,2025-26-EVEN,2,22,22,9.14,9.12,Pass,0,2026-06-09
38,38,25BEC006,2025-26-EVEN,2,22,22,7.82,7.76,Pass,0,2026-06-09
39,39,25BME001,2025-26-EVEN,2,22,21,8.23,8.31,ATKT,1,2026-06-09
40,40,25BME002,2025-26-EVEN,2,22,22,7.32,7.24,Pass,0,2026-06-09
41,41,25BME003,2025-26-EVEN,2,22,22,9.95,9.95,Pass,0,2026-06-09
42,42,25BME004,2025-26-EVEN,2,22,22,8.27,7.79,Pass,0,2026-06-09
43,43,25BME005,2025-26-EVEN,2,22,22,9.23,9.45,Pass,0,2026-06-09
44,44,25BME006,2025-26-EVEN,2,22,22,9.91,9.93,Pass,0,2026-06-09
45,45,25BCE001,2025-26-EVEN,2,22,22,9.59,9.29,Pass,0,2026-06-09
46,46,25BCE002,2025-26-EVEN,2,22,22,8.68,8.67,Pass,0,2026-06-09
47,47,25BCE003,2025-26-EVEN,2,22,22,9.0,8.98,Pass,0,2026-06-09
48,48,25BCE004,2025-26-EVEN,2,22,22,9.0,9.02,Pass,0,2026-06-09
49,49,25BCE005,2025-26-EVEN,2,22,22,8.18,7.6,Pass,0,2026-06-09
50,50,25BCE006,2025-26-EVEN,2,22,22,9.55,9.43,Pass,0,2026-06-09
51,51,25BCH001,2025-26-EVEN,2,20,20,8.5,8.24,Pass,0,2026-06-09
52,52,25BCH002,2025-26-EVEN,2,20,20,9.4,9.1,Pass,0,2026-06-09
53,53,25BCH003,2025-26-EVEN,2,20,20,8.05,7.79,Pass,0,2026-06-09
54,54,25BCH004,2025-26-EVEN,2,20,20,8.45,8.07,Pass,0,2026-06-09
55,55,25BCH005,2025-26-EVEN,2,20,20,8.75,8.69,Pass,0,2026-06-09
56,56,25BCH006,2025-26-EVEN,2,20,20,9.9,9.52,Pass,0,2026-06-09
57,1,25BCP001,2025-26-ODD,1,20,20,9.2,9.2,Pass,0,2025-12-18
58,10,25BCP010,2025-26-ODD,1,20,19,7.45,7.45,ATKT,1,2025-12-18
59,11,25BCP011,2025-26-ODD,1,20,20,8.25,8.25,Pass,0,2025-12-18
60,12,25BCP012,2025-26-ODD,1,20,20,8.45,8.45,Pass,0,2025-12-18
61,13,25BCP013,2025-26-ODD,1,20,20,6.65,6.65,Pass,0,2025-12-18
62,14,25BCP014,2025-26-ODD,1,20,20,8.65,8.65,Pass,0,2025-12-18
63,15,25BCP015,2025-26-ODD,1,20,20,8.15,8.15,Pass,0,2025-12-18
64,16,25BCP016,2025-26-ODD,1,20,20,9.0,9.0,Pass,0,2025-12-18
65,17,25BCP017,2025-26-ODD,1,20,20,9.15,9.15,Pass,0,2025-12-18
66,18,25BCP018,2025-26-ODD,1,20,19,7.15,7.15,ATKT,1,2025-12-18
67,19,25BCP019,2025-26-ODD,1,20,20,7.65,7.65,Pass,0,2025-12-18
68,2,25BCP002,2025-26-ODD,1,20,20,9.7,9.7,Pass,0,2025-12-18
69,20,25BCP020,2025-26-ODD,1,20,20,8.5,8.5,Pass,0,2025-12-18
70,21,25BCP021,2025-26-ODD,1,20,20,7.7,7.7,Pass,0,2025-12-18
71,22,25BCP022,2025-26-ODD,1,20,20,9.05,9.05,Pass,0,2025-12-18
72,23,25BIT001,2025-26-ODD,1,20,20,8.15,8.15,Pass,0,2025-12-18
73,24,25BIT002,2025-26-ODD,1,20,20,9.25,9.25,Pass,0,2025-12-18
74,25,25BIT003,2025-26-ODD,1,20,20,9.4,9.4,Pass,0,2025-12-18
75,26,25BIT004,2025-26-ODD,1,20,20,6.3,6.3,Pass,0,2025-12-18
76,27,25BIT005,2025-26-ODD,1,20,20,7.3,7.3,Pass,0,2025-12-18
77,28,25BIT006,2025-26-ODD,1,20,20,8.2,8.2,Pass,0,2025-12-18
78,29,25BIT007,2025-26-ODD,1,20,20,8.55,8.55,Pass,0,2025-12-18
79,3,25BCP003,2025-26-ODD,1,20,20,9.55,9.55,Pass,0,2025-12-18
80,30,25BIT008,2025-26-ODD,1,20,20,7.0,7.0,Pass,0,2025-12-18
81,31,25BIT009,2025-26-ODD,1,20,20,8.1,8.1,Pass,0,2025-12-18
82,32,25BIT010,2025-26-ODD,1,20,20,8.9,8.9,Pass,0,2025-12-18
83,33,25BEC001,2025-26-ODD,1,20,20,9.6,9.6,Pass,0,2025-12-18
84,34,25BEC002,2025-26-ODD,1,20,20,9.05,9.05,Pass,0,2025-12-18
85,35,25BEC003,2025-26-ODD,1,20,20,8.25,8.25,Pass,0,2025-12-18
86,36,25BEC004,2025-26-ODD,1,20,20,8.35,8.35,Pass,0,2025-12-18
87,37,25BEC005,2025-26-ODD,1,20,20,9.1,9.1,Pass,0,2025-12-18
88,38,25BEC006,2025-26-ODD,1,20,20,7.7,7.7,Pass,0,2025-12-18
89,39,25BME001,2025-26-ODD,1,20,20,8.4,8.4,Pass,0,2025-12-18
90,4,25BCP004,2025-26-ODD,1,20,20,8.15,8.15,Pass,0,2025-12-18
91,40,25BME002,2025-26-ODD,1,20,20,7.15,7.15,Pass,0,2025-12-18
92,41,25BME003,2025-26-ODD,1,20,20,9.95,9.95,Pass,0,2025-12-18
93,42,25BME004,2025-26-ODD,1,20,18,7.25,7.25,ATKT,1,2025-12-18
94,43,25BME005,2025-26-ODD,1,20,20,9.7,9.7,Pass,0,2025-12-18
95,44,25BME006,2025-26-ODD,1,20,20,9.95,9.95,Pass,0,2025-12-18
96,45,25BCE001,2025-26-ODD,1,20,20,8.95,8.95,Pass,0,2025-12-18
97,46,25BCE002,2025-26-ODD,1,20,20,8.65,8.65,Pass,0,2025-12-18
98,47,25BCE003,2025-26-ODD,1,20,20,8.95,8.95,Pass,0,2025-12-18
99,48,25BCE004,2025-26-ODD,1,20,20,9.05,9.05,Pass,0,2025-12-18
100,49,25BCE005,2025-26-ODD,1,20,17,6.95,6.95,ATKT,1,2025-12-18
101,5,25BCP005,2025-26-ODD,1,20,20,5.65,5.65,Pass,0,2025-12-18
102,50,25BCE006,2025-26-ODD,1,20,20,9.3,9.3,Pass,0,2025-12-18
103,51,25BCH001,2025-26-ODD,1,22,22,8.0,8.0,Pass,0,2025-12-18
104,52,25BCH002,2025-26-ODD,1,22,22,8.82,8.82,Pass,0,2025-12-18
105,53,25BCH003,2025-26-ODD,1,22,22,7.55,7.55,Pass,0,2025-12-18
106,54,25BCH004,2025-26-ODD,1,22,21,7.73,7.73,Pass,0,2025-12-18
107,55,25BCH005,2025-26-ODD,1,22,22,8.64,8.64,Pass,0,2025-12-18
108,56,25BCH006,2025-26-ODD,1,22,22,9.18,9.18,Pass,0,2025-12-18
109,6,25BCP006,2025-26-ODD,1,20,20,8.45,8.45,Pass,0,2025-12-18
110,7,25BCP007,2025-26-ODD,1,20,20,9.6,9.6,Pass,0,2025-12-18
111,8,25BCP008,2025-26-ODD,1,20,20,8.15,8.15,Pass,0,2025-12-18
112,9,25BCP009,2025-26-ODD,1,20,20,6.5,6.5,Pass,0,2025-12-18
