id,assessment_id,student_id,status,submitted_at
1,2,1,missing,
2,2,2,submitted,2026-08-12T21:00:00
3,2,3,submitted,2026-08-10T21:00:00
4,2,4,submitted,2026-08-11T21:00:00
5,2,5,submitted,2026-08-09T21:00:00
6,2,6,submitted,2026-08-10T21:00:00
7,2,7,submitted,2026-08-11T21:00:00
8,2,8,submitted,2026-08-10T21:00:00
9,2,9,submitted,2026-08-09T21:00:00
10,2,10,submitted,2026-08-10T21:00:00
11,2,11,submitted,2026-08-12T21:00:00
12,2,12,late,2026-08-14T23:00:00
13,2,13,missing,
14,2,14,submitted,2026-08-10T21:00:00
15,2,15,submitted,2026-08-10T21:00:00
16,2,16,submitted,2026-08-12T21:00:00
17,2,17,submitted,2026-08-09T21:00:00
18,2,18,late,2026-08-16T23:00:00
19,2,19,late,2026-08-14T23:00:00
20,2,20,submitted,2026-08-09T21:00:00
21,2,21,submitted,2026-08-11T21:00:00
22,2,22,submitted,2026-08-12T21:00:00
23,5,1,late,2026-08-16T23:00:00
24,5,2,submitted,2026-08-11T21:00:00
25,5,3,submitted,2026-08-11T21:00:00
26,5,4,submitted,2026-08-10T21:00:00
27,5,5,missing,
28,5,6,submitted,2026-08-12T21:00:00
29,5,7,submitted,2026-08-12T21:00:00
30,5,8,submitted,2026-08-11T21:00:00
31,5,9,submitted,2026-08-11T21:00:00
32,5,10,submitted,2026-08-11T21:00:00
33,5,11,submitted,2026-08-11T21:00:00
34,5,12,submitted,2026-08-09T21:00:00
35,5,13,submitted,2026-08-12T21:00:00
36,5,14,late,2026-08-16T23:00:00
37,5,15,late,2026-08-15T23:00:00
38,5,16,submitted,2026-08-12T21:00:00
39,5,17,submitted,2026-08-10T21:00:00
40,5,18,submitted,2026-08-09T21:00:00
41,5,19,submitted,2026-08-12T21:00:00
42,5,20,submitted,2026-08-10T21:00:00
43,5,21,missing,
44,5,22,submitted,2026-08-10T21:00:00
45,14,1,submitted,2026-08-09T21:00:00
46,14,2,late,2026-08-13T23:00:00
47,14,3,late,2026-08-14T23:00:00
48,14,4,submitted,2026-08-12T21:00:00
49,14,5,submitted,2026-08-09T21:00:00
50,14,6,late,2026-08-13T23:00:00
51,14,7,submitted,2026-08-09T21:00:00
52,14,8,submitted,2026-08-12T21:00:00
53,14,9,submitted,2026-08-12T21:00:00
54,14,10,late,2026-08-14T23:00:00
55,14,11,late,2026-08-16T23:00:00
56,14,12,submitted,2026-08-11T21:00:00
57,14,13,submitted,2026-08-09T21:00:00
58,14,14,submitted,2026-08-11T21:00:00
59,14,15,submitted,2026-08-11T21:00:00
60,14,16,missing,
61,14,17,submitted,2026-08-10T21:00:00
62,14,18,submitted,2026-08-09T21:00:00
63,14,19,submitted,2026-08-10T21:00:00
64,14,20,submitted,2026-08-11T21:00:00
65,14,21,submitted,2026-08-11T21:00:00
66,14,22,submitted,2026-08-09T21:00:00
67,17,1,missing,
68,17,2,submitted,2026-08-08T21:00:00
69,17,3,late,2026-08-12T23:00:00
70,17,4,submitted,2026-08-09T21:00:00
71,17,5,submitted,2026-08-08T21:00:00
72,17,6,submitted,2026-08-11T21:00:00
73,17,7,submitted,2026-08-10T21:00:00
74,17,8,submitted,2026-08-11T21:00:00
75,17,9,submitted,2026-08-08T21:00:00
76,17,10,late,2026-08-12T23:00:00
77,17,11,submitted,2026-08-10T21:00:00
78,17,12,submitted,2026-08-10T21:00:00
79,17,13,late,2026-08-15T23:00:00
80,17,14,submitted,2026-08-11T21:00:00
81,17,15,submitted,2026-08-09T21:00:00
82,17,16,submitted,2026-08-10T21:00:00
83,17,17,late,2026-08-12T23:00:00
84,17,18,submitted,2026-08-11T21:00:00
85,17,19,submitted,2026-08-09T21:00:00
86,17,20,late,2026-08-15T23:00:00
87,17,21,submitted,2026-08-10T21:00:00
88,17,22,submitted,2026-08-08T21:00:00
89,26,1,submitted,2026-08-13T21:00:00
90,26,2,submitted,2026-08-15T21:00:00
91,26,3,submitted,2026-08-14T21:00:00
92,26,4,submitted,2026-08-13T21:00:00
93,26,5,submitted,2026-08-12T21:00:00
94,26,6,submitted,2026-08-15T21:00:00
95,26,7,submitted,2026-08-12T21:00:00
96,26,8,late,2026-08-19T23:00:00
97,26,9,submitted,2026-08-13T21:00:00
98,26,10,submitted,2026-08-12T21:00:00
99,26,11,submitted,2026-08-15T21:00:00
100,26,12,submitted,2026-08-13T21:00:00
101,26,13,submitted,2026-08-13T21:00:00
102,26,14,submitted,2026-08-15T21:00:00
103,26,15,submitted,2026-08-13T21:00:00
104,26,16,submitted,2026-08-13T21:00:00
105,26,17,late,2026-08-17T23:00:00
106,26,18,submitted,2026-08-15T21:00:00
107,26,19,submitted,2026-08-12T21:00:00
108,26,20,submitted,2026-08-14T21:00:00
109,26,21,submitted,2026-08-12T21:00:00
110,26,22,submitted,2026-08-15T21:00:00
111,35,57,submitted,2026-08-14T21:00:00
112,35,58,late,2026-08-16T23:00:00
113,35,59,submitted,2026-08-13T21:00:00
114,35,60,submitted,2026-08-13T21:00:00
115,35,61,submitted,2026-08-11T21:00:00
116,35,62,submitted,2026-08-14T21:00:00
117,35,63,submitted,2026-08-12T21:00:00
118,35,64,submitted,2026-08-12T21:00:00
119,35,65,submitted,2026-08-14T21:00:00
120,35,66,submitted,2026-08-14T21:00:00
121,35,67,submitted,2026-08-12T21:00:00
122,35,68,submitted,2026-08-12T21:00:00
123,35,69,submitted,2026-08-12T21:00:00
124,35,70,submitted,2026-08-14T21:00:00
125,35,71,submitted,2026-08-13T21:00:00
126,35,72,submitted,2026-08-13T21:00:00
127,35,73,submitted,2026-08-14T21:00:00
128,35,74,late,2026-08-18T23:00:00
129,35,75,submitted,2026-08-14T21:00:00
130,35,76,submitted,2026-08-12T21:00:00
131,35,77,late,2026-08-15T23:00:00
132,35,78,late,2026-08-17T23:00:00
133,38,57,submitted,2026-08-11T21:00:00
134,38,58,submitted,2026-08-14T21:00:00
135,38,59,submitted,2026-08-12T21:00:00
136,38,60,submitted,2026-08-12T21:00:00
137,38,61,submitted,2026-08-14T21:00:00
138,38,62,submitted,2026-08-11T21:00:00
139,38,63,late,2026-08-18T23:00:00
140,38,64,submitted,2026-08-12T21:00:00
141,38,65,submitted,2026-08-14T21:00:00
142,38,66,late,2026-08-17T23:00:00
143,38,67,late,2026-08-16T23:00:00
144,38,68,submitted,2026-08-13T21:00:00
145,38,69,submitted,2026-08-14T21:00:00
146,38,70,submitted,2026-08-13T21:00:00
147,38,71,submitted,2026-08-11T21:00:00
148,38,72,submitted,2026-08-14T21:00:00
149,38,73,submitted,2026-08-14T21:00:00
150,38,74,missing,
151,38,75,submitted,2026-08-12T21:00:00
152,38,76,submitted,2026-08-12T21:00:00
153,38,77,submitted,2026-08-12T21:00:00
154,38,78,submitted,2026-08-11T21:00:00
155,41,57,submitted,2026-08-11T21:00:00
156,41,58,submitted,2026-08-08T21:00:00
157,41,59,submitted,2026-08-09T21:00:00
158,41,60,submitted,2026-08-08T21:00:00
159,41,61,submitted,2026-08-08T21:00:00
160,41,62,submitted,2026-08-11T21:00:00
161,41,63,late,2026-08-15T23:00:00
162,41,64,submitted,2026-08-11T21:00:00
163,41,65,submitted,2026-08-10T21:00:00
164,41,66,late,2026-08-13T23:00:00
165,41,67,submitted,2026-08-08T21:00:00
166,41,68,late,2026-08-15T23:00:00
167,41,69,submitted,2026-08-09T21:00:00
168,41,70,submitted,2026-08-09T21:00:00
169,41,71,submitted,2026-08-08T21:00:00
170,41,72,submitted,2026-08-08T21:00:00
171,41,73,submitted,2026-08-09T21:00:00
172,41,74,late,2026-08-15T23:00:00
173,41,75,late,2026-08-14T23:00:00
174,41,76,submitted,2026-08-10T21:00:00
175,41,77,submitted,2026-08-10T21:00:00
176,41,78,missing,
177,50,57,submitted,2026-08-11T21:00:00
178,50,58,submitted,2026-08-13T21:00:00
179,50,59,missing,
180,50,60,submitted,2026-08-10T21:00:00
181,50,61,submitted,2026-08-10T21:00:00
182,50,62,submitted,2026-08-12T21:00:00
183,50,63,submitted,2026-08-13T21:00:00
184,50,64,submitted,2026-08-11T21:00:00
185,50,65,late,2026-08-17T23:00:00
186,50,66,submitted,2026-08-10T21:00:00
187,50,67,late,2026-08-16T23:00:00
188,50,68,submitted,2026-08-10T21:00:00
189,50,69,late,2026-08-14T23:00:00
190,50,70,submitted,2026-08-12T21:00:00
191,50,71,submitted,2026-08-11T21:00:00
192,50,72,submitted,2026-08-10T21:00:00
193,50,73,submitted,2026-08-11T21:00:00
194,50,74,submitted,2026-08-11T21:00:00
195,50,75,submitted,2026-08-10T21:00:00
196,50,76,submitted,2026-08-11T21:00:00
197,50,77,submitted,2026-08-10T21:00:00
198,50,78,submitted,2026-08-12T21:00:00
199,65,57,submitted,2026-08-08T21:00:00
200,65,58,submitted,2026-08-10T21:00:00
201,65,59,submitted,2026-08-09T21:00:00
202,65,60,submitted,2026-08-11T21:00:00
203,65,61,submitted,2026-08-08T21:00:00
204,65,62,late,2026-08-14T23:00:00
205,65,63,submitted,2026-08-11T21:00:00
206,65,64,submitted,2026-08-11T21:00:00
207,65,65,submitted,2026-08-09T21:00:00
208,65,66,submitted,2026-08-08T21:00:00
209,65,67,missing,
210,65,68,late,2026-08-15T23:00:00
211,65,69,missing,
212,65,70,submitted,2026-08-09T21:00:00
213,65,71,submitted,2026-08-08T21:00:00
214,65,72,missing,
215,65,73,submitted,2026-08-11T21:00:00
216,65,74,submitted,2026-08-08T21:00:00
217,65,75,submitted,2026-08-09T21:00:00
218,65,76,submitted,2026-08-09T21:00:00
219,65,77,submitted,2026-08-08T21:00:00
220,65,78,submitted,2026-08-10T21:00:00
221,74,57,missing,
222,74,58,missing,
223,74,59,submitted,2026-08-12T21:00:00
224,74,60,submitted,2026-08-11T21:00:00
225,74,61,submitted,2026-08-11T21:00:00
226,74,62,submitted,2026-08-12T21:00:00
227,74,63,submitted,2026-08-13T21:00:00
228,74,64,submitted,2026-08-11T21:00:00
229,74,65,submitted,2026-08-13T21:00:00
230,74,66,submitted,2026-08-12T21:00:00
231,74,67,submitted,2026-08-13T21:00:00
232,74,68,submitted,2026-08-12T21:00:00
233,74,69,submitted,2026-08-12T21:00:00
234,74,70,submitted,2026-08-11T21:00:00
235,74,71,submitted,2026-08-10T21:00:00
236,74,72,submitted,2026-08-13T21:00:00
237,74,73,late,2026-08-15T23:00:00
238,74,74,submitted,2026-08-12T21:00:00
239,74,75,submitted,2026-08-11T21:00:00
240,74,76,submitted,2026-08-10T21:00:00
241,74,77,submitted,2026-08-12T21:00:00
242,74,78,submitted,2026-08-12T21:00:00
243,77,57,submitted,2026-08-11T21:00:00
244,77,58,submitted,2026-08-12T21:00:00
245,77,59,submitted,2026-08-12T21:00:00
246,77,60,submitted,2026-08-10T21:00:00
247,77,61,submitted,2026-08-11T21:00:00
248,77,62,submitted,2026-08-09T21:00:00
249,77,63,submitted,2026-08-12T21:00:00
250,77,64,submitted,2026-08-12T21:00:00
251,77,65,submitted,2026-08-11T21:00:00
252,77,66,missing,
253,77,67,submitted,2026-08-12T21:00:00
254,77,68,submitted,2026-08-09T21:00:00
255,77,69,submitted,2026-08-10T21:00:00
256,77,70,submitted,2026-08-10T21:00:00
257,77,71,missing,
258,77,72,submitted,2026-08-09T21:00:00
259,77,73,submitted,2026-08-09T21:00:00
260,77,74,submitted,2026-08-12T21:00:00
261,77,75,submitted,2026-08-11T21:00:00
262,77,76,submitted,2026-08-12T21:00:00
263,77,77,submitted,2026-08-09T21:00:00
264,77,78,submitted,2026-08-11T21:00:00
265,81,23,submitted,2026-08-11T21:00:00
266,81,24,submitted,2026-08-13T21:00:00
267,81,25,submitted,2026-08-13T21:00:00
268,81,26,missing,
269,81,27,submitted,2026-08-11T21:00:00
270,81,28,submitted,2026-08-14T21:00:00
271,81,29,submitted,2026-08-13T21:00:00
272,81,30,submitted,2026-08-13T21:00:00
273,81,31,submitted,2026-08-12T21:00:00
274,81,32,submitted,2026-08-11T21:00:00
275,84,23,submitted,2026-08-12T21:00:00
276,84,24,submitted,2026-08-09T21:00:00
277,84,25,late,2026-08-15T23:00:00
278,84,26,submitted,2026-08-12T21:00:00
279,84,27,submitted,2026-08-09T21:00:00
280,84,28,submitted,2026-08-09T21:00:00
281,84,29,submitted,2026-08-09T21:00:00
282,84,30,submitted,2026-08-11T21:00:00
283,84,31,submitted,2026-08-10T21:00:00
284,84,32,late,2026-08-13T23:00:00
285,93,23,submitted,2026-08-14T21:00:00
286,93,24,submitted,2026-08-14T21:00:00
287,93,25,submitted,2026-08-12T21:00:00
288,93,26,submitted,2026-08-11T21:00:00
289,93,27,late,2026-08-18T23:00:00
290,93,28,submitted,2026-08-12T21:00:00
291,93,29,submitted,2026-08-13T21:00:00
292,93,30,submitted,2026-08-14T21:00:00
293,93,31,submitted,2026-08-13T21:00:00
294,93,32,late,2026-08-16T23:00:00
295,102,23,late,2026-08-16T23:00:00
296,102,24,submitted,2026-08-11T21:00:00
297,102,25,submitted,2026-08-09T21:00:00
298,102,26,missing,
299,102,27,submitted,2026-08-10T21:00:00
300,102,28,submitted,2026-08-09T21:00:00
301,102,29,submitted,2026-08-10T21:00:00
302,102,30,submitted,2026-08-11T21:00:00
303,102,31,submitted,2026-08-10T21:00:00
304,102,32,late,2026-08-16T23:00:00
305,105,23,submitted,2026-08-15T21:00:00
306,105,24,late,2026-08-18T23:00:00
307,105,25,submitted,2026-08-14T21:00:00
308,105,26,submitted,2026-08-15T21:00:00
309,105,27,submitted,2026-08-14T21:00:00
310,105,28,submitted,2026-08-12T21:00:00
311,105,29,submitted,2026-08-15T21:00:00
312,105,30,late,2026-08-19T23:00:00
313,105,31,submitted,2026-08-12T21:00:00
314,105,32,submitted,2026-08-13T21:00:00
315,108,23,submitted,2026-08-13T21:00:00
316,108,24,submitted,2026-08-13T21:00:00
317,108,25,late,2026-08-16T23:00:00
318,108,26,submitted,2026-08-14T21:00:00
319,108,27,submitted,2026-08-13T21:00:00
320,108,28,submitted,2026-08-12T21:00:00
321,108,29,late,2026-08-18T23:00:00
322,108,30,submitted,2026-08-13T21:00:00
323,108,31,submitted,2026-08-15T21:00:00
324,108,32,submitted,2026-08-12T21:00:00
325,111,79,late,2026-08-13T23:00:00
326,111,80,submitted,2026-08-09T21:00:00
327,111,81,submitted,2026-08-10T21:00:00
328,111,82,submitted,2026-08-11T21:00:00
329,111,83,submitted,2026-08-11T21:00:00
330,111,84,submitted,2026-08-11T21:00:00
331,111,85,submitted,2026-08-08T21:00:00
332,111,86,missing,
333,111,87,submitted,2026-08-09T21:00:00
334,111,88,missing,
335,114,79,submitted,2026-08-11T21:00:00
336,114,80,late,2026-08-15T23:00:00
337,114,81,submitted,2026-08-09T21:00:00
338,114,82,late,2026-08-14T23:00:00
339,114,83,submitted,2026-08-08T21:00:00
340,114,84,submitted,2026-08-10T21:00:00
341,114,85,submitted,2026-08-08T21:00:00
342,114,86,submitted,2026-08-08T21:00:00
343,114,87,submitted,2026-08-10T21:00:00
344,114,88,late,2026-08-13T23:00:00
345,117,79,submitted,2026-08-08T21:00:00
346,117,80,submitted,2026-08-11T21:00:00
347,117,81,submitted,2026-08-10T21:00:00
348,117,82,submitted,2026-08-11T21:00:00
349,117,83,late,2026-08-12T23:00:00
350,117,84,late,2026-08-14T23:00:00
351,117,85,submitted,2026-08-10T21:00:00
352,117,86,late,2026-08-15T23:00:00
353,117,87,submitted,2026-08-10T21:00:00
354,117,88,submitted,2026-08-08T21:00:00
355,126,79,submitted,2026-08-11T21:00:00
356,126,80,submitted,2026-08-13T21:00:00
357,126,81,submitted,2026-08-11T21:00:00
358,126,82,late,2026-08-17T23:00:00
359,126,83,submitted,2026-08-11T21:00:00
360,126,84,submitted,2026-08-14T21:00:00
361,126,85,submitted,2026-08-13T21:00:00
362,126,86,submitted,2026-08-11T21:00:00
363,126,87,submitted,2026-08-12T21:00:00
364,126,88,submitted,2026-08-11T21:00:00
365,135,79,submitted,2026-08-10T21:00:00
366,135,80,submitted,2026-08-11T21:00:00
367,135,81,submitted,2026-08-13T21:00:00
368,135,82,submitted,2026-08-11T21:00:00
369,135,83,submitted,2026-08-13T21:00:00
370,135,84,submitted,2026-08-10T21:00:00
371,135,85,submitted,2026-08-11T21:00:00
372,135,86,submitted,2026-08-13T21:00:00
373,135,87,submitted,2026-08-12T21:00:00
374,135,88,submitted,2026-08-12T21:00:00
375,138,79,submitted,2026-08-08T21:00:00
376,138,80,submitted,2026-08-11T21:00:00
377,138,81,submitted,2026-08-08T21:00:00
378,138,82,submitted,2026-08-09T21:00:00
379,138,83,submitted,2026-08-11T21:00:00
380,138,84,submitted,2026-08-08T21:00:00
381,138,85,late,2026-08-14T23:00:00
382,138,86,submitted,2026-08-08T21:00:00
383,138,87,missing,
384,138,88,submitted,2026-08-08T21:00:00
385,147,79,submitted,2026-08-15T21:00:00
386,147,80,submitted,2026-08-12T21:00:00
387,147,81,submitted,2026-08-12T21:00:00
388,147,82,submitted,2026-08-14T21:00:00
389,147,83,late,2026-08-16T23:00:00
390,147,84,submitted,2026-08-13T21:00:00
391,147,85,submitted,2026-08-13T21:00:00
392,147,86,submitted,2026-08-15T21:00:00
393,147,87,submitted,2026-08-15T21:00:00
394,147,88,submitted,2026-08-14T21:00:00
395,150,79,submitted,2026-08-14T21:00:00
396,150,80,late,2026-08-16T23:00:00
397,150,81,submitted,2026-08-15T21:00:00
398,150,82,submitted,2026-08-12T21:00:00
399,150,83,submitted,2026-08-15T21:00:00
400,150,84,submitted,2026-08-14T21:00:00
401,150,85,late,2026-08-18T23:00:00
402,150,86,submitted,2026-08-15T21:00:00
403,150,87,submitted,2026-08-13T21:00:00
404,150,88,submitted,2026-08-15T21:00:00
405,154,33,late,2026-08-19T23:00:00
406,154,34,submitted,2026-08-14T21:00:00
407,154,35,submitted,2026-08-14T21:00:00
408,154,36,submitted,2026-08-12T21:00:00
409,154,37,missing,
410,154,38,late,2026-08-18T23:00:00
411,157,33,submitted,2026-08-11T21:00:00
412,157,34,missing,
413,157,35,submitted,2026-08-12T21:00:00
414,157,36,submitted,2026-08-10T21:00:00
415,157,37,submitted,2026-08-09T21:00:00
416,157,38,submitted,2026-08-11T21:00:00
417,166,33,submitted,2026-08-15T21:00:00
418,166,34,submitted,2026-08-12T21:00:00
419,166,35,submitted,2026-08-14T21:00:00
420,166,36,submitted,2026-08-15T21:00:00
421,166,37,submitted,2026-08-13T21:00:00
422,166,38,late,2026-08-16T23:00:00
423,175,33,submitted,2026-08-12T21:00:00
424,175,34,submitted,2026-08-13T21:00:00
425,175,35,submitted,2026-08-14T21:00:00
426,175,36,submitted,2026-08-12T21:00:00
427,175,37,submitted,2026-08-15T21:00:00
428,175,38,submitted,2026-08-12T21:00:00
429,178,33,submitted,2026-08-15T21:00:00
430,178,34,submitted,2026-08-14T21:00:00
431,178,35,late,2026-08-17T23:00:00
432,178,36,late,2026-08-19T23:00:00
433,178,37,submitted,2026-08-13T21:00:00
434,178,38,late,2026-08-16T23:00:00
435,181,89,submitted,2026-08-09T21:00:00
436,181,90,submitted,2026-08-10T21:00:00
437,181,91,submitted,2026-08-09T21:00:00
438,181,92,submitted,2026-08-08T21:00:00
439,181,93,submitted,2026-08-11T21:00:00
440,181,94,late,2026-08-13T23:00:00
441,184,89,submitted,2026-08-15T21:00:00
442,184,90,late,2026-08-19T23:00:00
443,184,91,submitted,2026-08-15T21:00:00
444,184,92,submitted,2026-08-13T21:00:00
445,184,93,submitted,2026-08-12T21:00:00
446,184,94,submitted,2026-08-15T21:00:00
447,187,89,submitted,2026-08-13T21:00:00
448,187,90,submitted,2026-08-14T21:00:00
449,187,91,submitted,2026-08-13T21:00:00
450,187,92,submitted,2026-08-12T21:00:00
451,187,93,missing,
452,187,94,submitted,2026-08-12T21:00:00
453,196,89,submitted,2026-08-13T21:00:00
454,196,90,submitted,2026-08-10T21:00:00
455,196,91,submitted,2026-08-10T21:00:00
456,196,92,submitted,2026-08-12T21:00:00
457,196,93,submitted,2026-08-13T21:00:00
458,196,94,submitted,2026-08-12T21:00:00
459,205,89,submitted,2026-08-12T21:00:00
460,205,90,submitted,2026-08-13T21:00:00
461,205,91,submitted,2026-08-10T21:00:00
462,205,92,submitted,2026-08-11T21:00:00
463,205,93,submitted,2026-08-12T21:00:00
464,205,94,submitted,2026-08-10T21:00:00
465,208,89,submitted,2026-08-11T21:00:00
466,208,90,submitted,2026-08-12T21:00:00
467,208,91,submitted,2026-08-11T21:00:00
468,208,92,submitted,2026-08-10T21:00:00
469,208,93,submitted,2026-08-12T21:00:00
470,208,94,submitted,2026-08-12T21:00:00
471,217,89,submitted,2026-08-12T21:00:00
472,217,90,submitted,2026-08-13T21:00:00
473,217,91,submitted,2026-08-11T21:00:00
474,217,92,submitted,2026-08-12T21:00:00
475,217,93,submitted,2026-08-13T21:00:00
476,217,94,submitted,2026-08-12T21:00:00
477,220,89,submitted,2026-08-08T21:00:00
478,220,90,submitted,2026-08-08T21:00:00
479,220,91,late,2026-08-12T23:00:00
480,220,92,submitted,2026-08-09T21:00:00
481,220,93,submitted,2026-08-08T21:00:00
482,220,94,submitted,2026-08-11T21:00:00
483,224,39,submitted,2026-08-10T21:00:00
484,224,40,submitted,2026-08-11T21:00:00
485,224,41,submitted,2026-08-11T21:00:00
486,224,42,submitted,2026-08-11T21:00:00
487,224,43,late,2026-08-13T23:00:00
488,224,44,submitted,2026-08-10T21:00:00
489,227,39,submitted,2026-08-12T21:00:00
490,227,40,submitted,2026-08-10T21:00:00
491,227,41,submitted,2026-08-10T21:00:00
492,227,42,submitted,2026-08-10T21:00:00
493,227,43,submitted,2026-08-12T21:00:00
494,227,44,submitted,2026-08-10T21:00:00
495,230,39,submitted,2026-08-10T21:00:00
496,230,40,submitted,2026-08-11T21:00:00
497,230,41,submitted,2026-08-11T21:00:00
498,230,42,late,2026-08-16T23:00:00
499,230,43,submitted,2026-08-13T21:00:00
500,230,44,submitted,2026-08-12T21:00:00
501,233,39,late,2026-08-18T23:00:00
502,233,40,submitted,2026-08-11T21:00:00
503,233,41,submitted,2026-08-14T21:00:00
504,233,42,submitted,2026-08-11T21:00:00
505,233,43,late,2026-08-17T23:00:00
506,233,44,submitted,2026-08-14T21:00:00
507,242,39,submitted,2026-08-10T21:00:00
508,242,40,submitted,2026-08-10T21:00:00
509,242,41,submitted,2026-08-12T21:00:00
510,242,42,submitted,2026-08-11T21:00:00
511,242,43,missing,
512,242,44,submitted,2026-08-11T21:00:00
513,257,95,submitted,2026-08-11T21:00:00
514,257,96,submitted,2026-08-12T21:00:00
515,257,97,late,2026-08-18T23:00:00
516,257,98,submitted,2026-08-11T21:00:00
517,257,99,submitted,2026-08-11T21:00:00
518,257,100,submitted,2026-08-13T21:00:00
519,260,95,submitted,2026-08-11T21:00:00
520,260,96,submitted,2026-08-10T21:00:00
521,260,97,submitted,2026-08-11T21:00:00
522,260,98,submitted,2026-08-10T21:00:00
523,260,99,submitted,2026-08-10T21:00:00
524,260,100,late,2026-08-14T23:00:00
525,269,95,submitted,2026-08-12T21:00:00
526,269,96,late,2026-08-14T23:00:00
527,269,97,submitted,2026-08-11T21:00:00
528,269,98,submitted,2026-08-12T21:00:00
529,269,99,submitted,2026-08-13T21:00:00
530,269,100,submitted,2026-08-12T21:00:00
531,272,95,submitted,2026-08-09T21:00:00
532,272,96,submitted,2026-08-09T21:00:00
533,272,97,submitted,2026-08-09T21:00:00
534,272,98,submitted,2026-08-09T21:00:00
535,272,99,submitted,2026-08-10T21:00:00
536,272,100,submitted,2026-08-09T21:00:00
537,275,95,submitted,2026-08-12T21:00:00
538,275,96,submitted,2026-08-10T21:00:00
539,275,97,submitted,2026-08-11T21:00:00
540,275,98,submitted,2026-08-12T21:00:00
541,275,99,submitted,2026-08-10T21:00:00
542,275,100,submitted,2026-08-12T21:00:00
543,296,95,submitted,2026-08-10T21:00:00
544,296,96,submitted,2026-08-11T21:00:00
545,296,97,submitted,2026-08-11T21:00:00
546,296,98,submitted,2026-08-12T21:00:00
547,296,99,submitted,2026-08-12T21:00:00
548,296,100,missing,
549,299,95,submitted,2026-08-10T21:00:00
550,299,96,submitted,2026-08-08T21:00:00
551,299,97,submitted,2026-08-09T21:00:00
552,299,98,submitted,2026-08-11T21:00:00
553,299,99,submitted,2026-08-10T21:00:00
554,299,100,submitted,2026-08-11T21:00:00
555,303,45,late,2026-08-13T23:00:00
556,303,46,submitted,2026-08-11T21:00:00
557,303,47,late,2026-08-15T23:00:00
558,303,48,submitted,2026-08-10T21:00:00
559,303,49,late,2026-08-15T23:00:00
560,303,50,submitted,2026-08-09T21:00:00
561,306,45,submitted,2026-08-11T21:00:00
562,306,46,submitted,2026-08-10T21:00:00
563,306,47,submitted,2026-08-09T21:00:00
564,306,48,submitted,2026-08-09T21:00:00
565,306,49,submitted,2026-08-11T21:00:00
566,306,50,submitted,2026-08-09T21:00:00
567,309,45,late,2026-08-14T23:00:00
568,309,46,submitted,2026-08-08T21:00:00
569,309,47,submitted,2026-08-09T21:00:00
570,309,48,submitted,2026-08-10T21:00:00
571,309,49,submitted,2026-08-08T21:00:00
572,309,50,submitted,2026-08-08T21:00:00
573,312,45,submitted,2026-08-12T21:00:00
574,312,46,submitted,2026-08-10T21:00:00
575,312,47,missing,
576,312,48,submitted,2026-08-09T21:00:00
577,312,49,submitted,2026-08-12T21:00:00
578,312,50,submitted,2026-08-10T21:00:00
579,315,45,submitted,2026-08-13T21:00:00
580,315,46,late,2026-08-16T23:00:00
581,315,47,late,2026-08-16T23:00:00
582,315,48,submitted,2026-08-11T21:00:00
583,315,49,submitted,2026-08-12T21:00:00
584,315,50,submitted,2026-08-11T21:00:00
585,318,45,submitted,2026-08-13T21:00:00
586,318,46,submitted,2026-08-14T21:00:00
587,318,47,submitted,2026-08-12T21:00:00
588,318,48,submitted,2026-08-14T21:00:00
589,318,49,submitted,2026-08-12T21:00:00
590,318,50,submitted,2026-08-12T21:00:00
591,327,101,submitted,2026-08-11T21:00:00
592,327,102,submitted,2026-08-10T21:00:00
593,327,103,late,2026-08-14T23:00:00
594,327,104,submitted,2026-08-09T21:00:00
595,327,105,submitted,2026-08-09T21:00:00
596,327,106,submitted,2026-08-11T21:00:00
597,330,101,submitted,2026-08-14T21:00:00
598,330,102,submitted,2026-08-14T21:00:00
599,330,103,submitted,2026-08-15T21:00:00
600,330,104,late,2026-08-16T23:00:00
601,330,105,submitted,2026-08-14T21:00:00
602,330,106,submitted,2026-08-12T21:00:00
603,333,101,submitted,2026-08-10T21:00:00
604,333,102,submitted,2026-08-10T21:00:00
605,333,103,late,2026-08-16T23:00:00
606,333,104,submitted,2026-08-10T21:00:00
607,333,105,missing,
608,333,106,submitted,2026-08-10T21:00:00
609,342,101,submitted,2026-08-11T21:00:00
610,342,102,submitted,2026-08-12T21:00:00
611,342,103,late,2026-08-16T23:00:00
612,342,104,submitted,2026-08-14T21:00:00
613,342,105,submitted,2026-08-14T21:00:00
614,342,106,submitted,2026-08-11T21:00:00
615,351,101,submitted,2026-08-12T21:00:00
616,351,102,missing,
617,351,103,submitted,2026-08-10T21:00:00
618,351,104,submitted,2026-08-09T21:00:00
619,351,105,submitted,2026-08-09T21:00:00
620,351,106,submitted,2026-08-10T21:00:00
621,354,101,submitted,2026-08-09T21:00:00
622,354,102,submitted,2026-08-10T21:00:00
623,354,103,submitted,2026-08-11T21:00:00
624,354,104,missing,
625,354,105,submitted,2026-08-10T21:00:00
626,354,106,submitted,2026-08-09T21:00:00
627,363,101,missing,
628,363,102,late,2026-08-15T23:00:00
629,363,103,submitted,2026-08-11T21:00:00
630,363,104,submitted,2026-08-09T21:00:00
631,363,105,submitted,2026-08-10T21:00:00
632,363,106,submitted,2026-08-09T21:00:00
633,366,101,submitted,2026-08-12T21:00:00
634,366,102,submitted,2026-08-10T21:00:00
635,366,103,submitted,2026-08-09T21:00:00
636,366,104,missing,
637,366,105,late,2026-08-14T23:00:00
638,366,106,submitted,2026-08-11T21:00:00
639,370,51,missing,
640,370,52,submitted,2026-08-12T21:00:00
641,370,53,submitted,2026-08-10T21:00:00
642,370,54,submitted,2026-08-11T21:00:00
643,370,55,submitted,2026-08-11T21:00:00
644,370,56,submitted,2026-08-12T21:00:00
645,373,51,submitted,2026-08-11T21:00:00
646,373,52,submitted,2026-08-12T21:00:00
647,373,53,submitted,2026-08-11T21:00:00
648,373,54,submitted,2026-08-11T21:00:00
649,373,55,late,2026-08-16T23:00:00
650,373,56,late,2026-08-16T23:00:00
651,376,51,late,2026-08-12T23:00:00
652,376,52,submitted,2026-08-09T21:00:00
653,376,53,submitted,2026-08-09T21:00:00
654,376,54,submitted,2026-08-09T21:00:00
655,376,55,missing,
656,376,56,submitted,2026-08-11T21:00:00
657,379,51,late,2026-08-16T23:00:00
658,379,52,submitted,2026-08-12T21:00:00
659,379,53,submitted,2026-08-15T21:00:00
660,379,54,submitted,2026-08-15T21:00:00
661,379,55,submitted,2026-08-13T21:00:00
662,379,56,submitted,2026-08-14T21:00:00
663,388,51,submitted,2026-08-08T21:00:00
664,388,52,submitted,2026-08-09T21:00:00
665,388,53,submitted,2026-08-11T21:00:00
666,388,54,submitted,2026-08-08T21:00:00
667,388,55,submitted,2026-08-11T21:00:00
668,388,56,missing,
669,397,107,submitted,2026-08-12T21:00:00
670,397,108,late,2026-08-15T23:00:00
671,397,109,submitted,2026-08-12T21:00:00
672,397,110,submitted,2026-08-09T21:00:00
673,397,111,submitted,2026-08-10T21:00:00
674,397,112,submitted,2026-08-09T21:00:00
675,400,107,submitted,2026-08-14T21:00:00
676,400,108,submitted,2026-08-13T21:00:00
677,400,109,submitted,2026-08-14T21:00:00
678,400,110,submitted,2026-08-13T21:00:00
679,400,111,late,2026-08-19T23:00:00
680,400,112,submitted,2026-08-13T21:00:00
681,403,107,missing,
682,403,108,submitted,2026-08-12T21:00:00
683,403,109,late,2026-08-16T23:00:00
684,403,110,submitted,2026-08-11T21:00:00
685,403,111,submitted,2026-08-13T21:00:00
686,403,112,submitted,2026-08-12T21:00:00
687,412,107,submitted,2026-08-13T21:00:00
688,412,108,submitted,2026-08-12T21:00:00
689,412,109,submitted,2026-08-13T21:00:00
690,412,110,late,2026-08-18T23:00:00
691,412,111,submitted,2026-08-12T21:00:00
692,412,112,missing,
693,421,107,submitted,2026-08-09T21:00:00
694,421,108,submitted,2026-08-09T21:00:00
695,421,109,submitted,2026-08-08T21:00:00
696,421,110,submitted,2026-08-08T21:00:00
697,421,111,submitted,2026-08-09T21:00:00
698,421,112,submitted,2026-08-09T21:00:00
699,430,107,submitted,2026-08-10T21:00:00
700,430,108,submitted,2026-08-11T21:00:00
701,430,109,submitted,2026-08-10T21:00:00
702,430,110,submitted,2026-08-09T21:00:00
703,430,111,submitted,2026-08-10T21:00:00
704,430,112,submitted,2026-08-08T21:00:00
705,433,107,submitted,2026-08-11T21:00:00
706,433,108,late,2026-08-12T23:00:00
707,433,109,submitted,2026-08-10T21:00:00
708,433,110,submitted,2026-08-08T21:00:00
709,433,111,late,2026-08-15T23:00:00
710,433,112,submitted,2026-08-10T21:00:00
711,436,107,submitted,2026-08-13T21:00:00
712,436,108,late,2026-08-16T23:00:00
713,436,109,submitted,2026-08-11T21:00:00
714,436,110,submitted,2026-08-11T21:00:00
715,436,111,submitted,2026-08-13T21:00:00
716,436,112,submitted,2026-08-12T21:00:00
717,439,107,submitted,2026-08-10T21:00:00
718,439,108,submitted,2026-08-11T21:00:00
719,439,109,late,2026-08-12T23:00:00
720,439,110,submitted,2026-08-09T21:00:00
721,439,111,submitted,2026-08-08T21:00:00
722,439,112,submitted,2026-08-10T21:00:00
723,442,107,submitted,2026-08-14T21:00:00
724,442,108,submitted,2026-08-12T21:00:00
725,442,109,missing,
726,442,110,late,2026-08-15T23:00:00
727,442,111,submitted,2026-08-11T21:00:00
728,442,112,submitted,2026-08-11T21:00:00
729,445,1,submitted,2026-03-05T21:00:00
730,445,2,submitted,2026-03-03T21:00:00
731,445,3,late,2026-03-09T23:00:00
732,445,4,submitted,2026-03-05T21:00:00
733,445,5,submitted,2026-03-03T21:00:00
734,445,6,submitted,2026-03-06T21:00:00
735,445,7,submitted,2026-03-06T21:00:00
736,445,8,late,2026-03-07T23:00:00
737,445,9,submitted,2026-03-06T21:00:00
738,445,10,submitted,2026-03-05T21:00:00
739,445,11,submitted,2026-03-05T21:00:00
740,445,12,submitted,2026-03-05T21:00:00
741,445,13,submitted,2026-03-06T21:00:00
742,445,14,submitted,2026-03-03T21:00:00
743,445,15,submitted,2026-03-06T21:00:00
744,445,16,submitted,2026-03-05T21:00:00
745,445,17,missing,
746,445,18,submitted,2026-03-06T21:00:00
747,445,19,submitted,2026-03-06T21:00:00
748,445,20,submitted,2026-03-04T21:00:00
749,445,21,submitted,2026-03-04T21:00:00
750,445,22,submitted,2026-03-03T21:00:00
751,448,1,submitted,2026-03-06T21:00:00
752,448,2,submitted,2026-03-06T21:00:00
753,448,3,submitted,2026-03-03T21:00:00
754,448,4,submitted,2026-03-06T21:00:00
755,448,5,late,2026-03-10T23:00:00
756,448,6,submitted,2026-03-04T21:00:00
757,448,7,submitted,2026-03-06T21:00:00
758,448,8,submitted,2026-03-05T21:00:00
759,448,9,submitted,2026-03-06T21:00:00
760,448,10,submitted,2026-03-04T21:00:00
761,448,11,late,2026-03-09T23:00:00
762,448,12,submitted,2026-03-03T21:00:00
763,448,13,missing,
764,448,14,submitted,2026-03-04T21:00:00
765,448,15,submitted,2026-03-05T21:00:00
766,448,16,submitted,2026-03-05T21:00:00
767,448,17,submitted,2026-03-05T21:00:00
768,448,18,submitted,2026-03-03T21:00:00
769,448,19,late,2026-03-10T23:00:00
770,448,20,submitted,2026-03-05T21:00:00
771,448,21,submitted,2026-03-06T21:00:00
772,448,22,submitted,2026-03-03T21:00:00
773,451,1,submitted,2026-03-03T21:00:00
774,451,2,late,2026-03-08T23:00:00
775,451,3,submitted,2026-03-01T21:00:00
776,451,4,missing,
777,451,5,submitted,2026-03-03T21:00:00
778,451,6,submitted,2026-03-03T21:00:00
779,451,7,submitted,2026-03-03T21:00:00
780,451,8,submitted,2026-03-02T21:00:00
781,451,9,submitted,2026-03-04T21:00:00
782,451,10,submitted,2026-03-01T21:00:00
783,451,11,submitted,2026-03-03T21:00:00
784,451,12,missing,
785,451,13,submitted,2026-03-04T21:00:00
786,451,14,submitted,2026-03-03T21:00:00
787,451,15,submitted,2026-03-04T21:00:00
788,451,16,submitted,2026-03-01T21:00:00
789,451,17,submitted,2026-03-03T21:00:00
790,451,18,late,2026-03-06T23:00:00
791,451,19,late,2026-03-05T23:00:00
792,451,20,submitted,2026-03-01T21:00:00
793,451,21,submitted,2026-03-02T21:00:00
794,451,22,submitted,2026-03-01T21:00:00
795,460,1,submitted,2026-03-04T21:00:00
796,460,2,submitted,2026-03-02T21:00:00
797,460,3,submitted,2026-03-02T21:00:00
798,460,4,submitted,2026-03-02T21:00:00
799,460,5,submitted,2026-03-02T21:00:00
800,460,6,submitted,2026-03-04T21:00:00
801,460,7,submitted,2026-03-02T21:00:00
802,460,8,submitted,2026-03-04T21:00:00
803,460,9,late,2026-03-09T23:00:00
804,460,10,submitted,2026-03-05T21:00:00
805,460,11,submitted,2026-03-03T21:00:00
806,460,12,submitted,2026-03-02T21:00:00
807,460,13,submitted,2026-03-02T21:00:00
808,460,14,submitted,2026-03-04T21:00:00
809,460,15,submitted,2026-03-03T21:00:00
810,460,16,submitted,2026-03-05T21:00:00
811,460,17,submitted,2026-03-02T21:00:00
812,460,18,submitted,2026-03-04T21:00:00
813,460,19,missing,
814,460,20,submitted,2026-03-03T21:00:00
815,460,21,submitted,2026-03-05T21:00:00
816,460,22,late,2026-03-07T23:00:00
817,469,1,missing,
818,469,2,late,2026-03-06T23:00:00
819,469,3,submitted,2026-03-03T21:00:00
820,469,4,submitted,2026-02-28T21:00:00
821,469,5,submitted,2026-03-03T21:00:00
822,469,6,late,2026-03-07T23:00:00
823,469,7,late,2026-03-07T23:00:00
824,469,8,submitted,2026-03-01T21:00:00
825,469,9,submitted,2026-03-03T21:00:00
826,469,10,submitted,2026-03-02T21:00:00
827,469,11,late,2026-03-04T23:00:00
828,469,12,late,2026-03-07T23:00:00
829,469,13,submitted,2026-03-03T21:00:00
830,469,14,submitted,2026-03-02T21:00:00
831,469,15,submitted,2026-03-03T21:00:00
832,469,16,missing,
833,469,17,submitted,2026-03-02T21:00:00
834,469,18,submitted,2026-03-02T21:00:00
835,469,19,submitted,2026-03-02T21:00:00
836,469,20,submitted,2026-03-03T21:00:00
837,469,21,submitted,2026-03-03T21:00:00
838,469,22,submitted,2026-03-02T21:00:00
839,472,1,submitted,2026-02-27T21:00:00
840,472,2,submitted,2026-03-02T21:00:00
841,472,3,submitted,2026-03-01T21:00:00
842,472,4,submitted,2026-02-27T21:00:00
843,472,5,late,2026-03-05T23:00:00
844,472,6,submitted,2026-02-27T21:00:00
845,472,7,submitted,2026-02-28T21:00:00
846,472,8,late,2026-03-03T23:00:00
847,472,9,submitted,2026-03-02T21:00:00
848,472,10,missing,
849,472,11,submitted,2026-02-28T21:00:00
850,472,12,submitted,2026-03-02T21:00:00
851,472,13,submitted,2026-03-01T21:00:00
852,472,14,submitted,2026-02-28T21:00:00
853,472,15,late,2026-03-03T23:00:00
854,472,16,submitted,2026-02-27T21:00:00
855,472,17,submitted,2026-02-28T21:00:00
856,472,18,submitted,2026-03-01T21:00:00
857,472,19,submitted,2026-02-27T21:00:00
858,472,20,submitted,2026-02-28T21:00:00
859,472,21,submitted,2026-02-27T21:00:00
860,472,22,submitted,2026-02-27T21:00:00
861,475,1,submitted,2026-03-02T21:00:00
862,475,2,submitted,2026-03-02T21:00:00
863,475,3,submitted,2026-03-02T21:00:00
864,475,4,submitted,2026-03-04T21:00:00
865,475,5,submitted,2026-03-02T21:00:00
866,475,6,submitted,2026-03-03T21:00:00
867,475,7,submitted,2026-03-04T21:00:00
868,475,8,submitted,2026-03-02T21:00:00
869,475,9,submitted,2026-03-02T21:00:00
870,475,10,submitted,2026-03-03T21:00:00
871,475,11,submitted,2026-03-05T21:00:00
872,475,12,submitted,2026-03-04T21:00:00
873,475,13,submitted,2026-03-03T21:00:00
874,475,14,submitted,2026-03-03T21:00:00
875,475,15,submitted,2026-03-03T21:00:00
876,475,16,late,2026-03-06T23:00:00
877,475,17,late,2026-03-06T23:00:00
878,475,18,submitted,2026-03-05T21:00:00
879,475,19,submitted,2026-03-05T21:00:00
880,475,20,submitted,2026-03-02T21:00:00
881,475,21,submitted,2026-03-02T21:00:00
882,475,22,submitted,2026-03-03T21:00:00
883,478,1,submitted,2026-03-02T21:00:00
884,478,2,submitted,2026-03-04T21:00:00
885,478,3,missing,
886,478,4,submitted,2026-03-01T21:00:00
887,478,5,submitted,2026-03-04T21:00:00
888,478,6,submitted,2026-03-01T21:00:00
889,478,7,submitted,2026-03-04T21:00:00
890,478,8,submitted,2026-03-01T21:00:00
891,478,9,late,2026-03-08T23:00:00
892,478,10,late,2026-03-05T23:00:00
893,478,11,submitted,2026-03-04T21:00:00
894,478,12,submitted,2026-03-01T21:00:00
895,478,13,submitted,2026-03-03T21:00:00
896,478,14,late,2026-03-06T23:00:00
897,478,15,submitted,2026-03-01T21:00:00
898,478,16,submitted,2026-03-01T21:00:00
899,478,17,submitted,2026-03-03T21:00:00
900,478,18,submitted,2026-03-03T21:00:00
901,478,19,missing,
902,478,20,submitted,2026-03-04T21:00:00
903,478,21,submitted,2026-03-04T21:00:00
904,478,22,submitted,2026-03-02T21:00:00
905,481,1,submitted,2026-03-01T21:00:00
906,481,2,submitted,2026-03-01T21:00:00
907,481,3,missing,
908,481,4,submitted,2026-02-28T21:00:00
909,481,5,submitted,2026-03-01T21:00:00
910,481,6,late,2026-03-05T23:00:00
911,481,7,submitted,2026-03-02T21:00:00
912,481,8,late,2026-03-03T23:00:00
913,481,9,submitted,2026-02-28T21:00:00
914,481,10,submitted,2026-02-27T21:00:00
915,481,11,submitted,2026-03-01T21:00:00
916,481,12,submitted,2026-03-02T21:00:00
917,481,13,late,2026-03-06T23:00:00
918,481,14,submitted,2026-03-02T21:00:00
919,481,15,submitted,2026-02-28T21:00:00
920,481,16,submitted,2026-02-28T21:00:00
921,481,17,late,2026-03-03T23:00:00
922,481,18,submitted,2026-02-28T21:00:00
923,481,19,submitted,2026-03-01T21:00:00
924,481,20,submitted,2026-02-28T21:00:00
925,481,21,submitted,2026-03-02T21:00:00
926,481,22,submitted,2026-03-01T21:00:00
927,484,1,submitted,2026-03-02T21:00:00
928,484,2,submitted,2026-03-01T21:00:00
929,484,3,submitted,2026-03-01T21:00:00
930,484,4,submitted,2026-02-28T21:00:00
931,484,5,submitted,2026-03-01T21:00:00
932,484,6,submitted,2026-03-01T21:00:00
933,484,7,submitted,2026-02-27T21:00:00
934,484,8,submitted,2026-03-02T21:00:00
935,484,9,submitted,2026-02-28T21:00:00
936,484,10,submitted,2026-03-01T21:00:00
937,484,11,submitted,2026-02-28T21:00:00
938,484,12,late,2026-03-04T23:00:00
939,484,13,submitted,2026-03-01T21:00:00
940,484,14,submitted,2026-03-02T21:00:00
941,484,15,submitted,2026-03-01T21:00:00
942,484,16,submitted,2026-02-28T21:00:00
943,484,17,submitted,2026-03-02T21:00:00
944,484,18,late,2026-03-05T23:00:00
945,484,19,submitted,2026-02-27T21:00:00
946,484,20,submitted,2026-02-27T21:00:00
947,484,21,submitted,2026-03-02T21:00:00
948,484,22,submitted,2026-02-27T21:00:00
949,493,23,submitted,2026-03-02T21:00:00
950,493,24,missing,
951,493,25,submitted,2026-03-02T21:00:00
952,493,26,submitted,2026-03-02T21:00:00
953,493,27,submitted,2026-03-04T21:00:00
954,493,28,submitted,2026-03-04T21:00:00
955,493,29,submitted,2026-03-01T21:00:00
956,493,30,submitted,2026-03-01T21:00:00
957,493,31,submitted,2026-03-03T21:00:00
958,493,32,submitted,2026-03-04T21:00:00
959,496,23,submitted,2026-03-04T21:00:00
960,496,24,submitted,2026-03-04T21:00:00
961,496,25,submitted,2026-03-05T21:00:00
962,496,26,missing,
963,496,27,submitted,2026-03-04T21:00:00
964,496,28,submitted,2026-03-04T21:00:00
965,496,29,submitted,2026-03-06T21:00:00
966,496,30,late,2026-03-07T23:00:00
967,496,31,submitted,2026-03-06T21:00:00
968,496,32,submitted,2026-03-03T21:00:00
969,499,23,submitted,2026-03-02T21:00:00
970,499,24,submitted,2026-03-03T21:00:00
971,499,25,submitted,2026-03-01T21:00:00
972,499,26,late,2026-03-06T23:00:00
973,499,27,late,2026-03-06T23:00:00
974,499,28,late,2026-03-04T23:00:00
975,499,29,submitted,2026-03-01T21:00:00
976,499,30,submitted,2026-03-02T21:00:00
977,499,31,submitted,2026-03-01T21:00:00
978,499,32,missing,
979,508,23,submitted,2026-03-04T21:00:00
980,508,24,submitted,2026-03-04T21:00:00
981,508,25,submitted,2026-03-03T21:00:00
982,508,26,submitted,2026-03-02T21:00:00
983,508,27,submitted,2026-03-04T21:00:00
984,508,28,submitted,2026-03-02T21:00:00
985,508,29,late,2026-03-06T23:00:00
986,508,30,late,2026-03-08T23:00:00
987,508,31,submitted,2026-03-01T21:00:00
988,508,32,submitted,2026-03-01T21:00:00
989,523,23,submitted,2026-03-06T21:00:00
990,523,24,submitted,2026-03-04T21:00:00
991,523,25,submitted,2026-03-06T21:00:00
992,523,26,submitted,2026-03-04T21:00:00
993,523,27,submitted,2026-03-03T21:00:00
994,523,28,submitted,2026-03-06T21:00:00
995,523,29,submitted,2026-03-04T21:00:00
996,523,30,submitted,2026-03-05T21:00:00
997,523,31,submitted,2026-03-03T21:00:00
998,523,32,submitted,2026-03-05T21:00:00
999,526,23,submitted,2026-03-05T21:00:00
1000,526,24,late,2026-03-07T23:00:00
1001,526,25,late,2026-03-08T23:00:00
1002,526,26,missing,
1003,526,27,submitted,2026-03-06T21:00:00
1004,526,28,late,2026-03-07T23:00:00
1005,526,29,submitted,2026-03-05T21:00:00
1006,526,30,missing,
1007,526,31,submitted,2026-03-03T21:00:00
1008,526,32,submitted,2026-03-05T21:00:00
1009,529,23,submitted,2026-03-04T21:00:00
1010,529,24,submitted,2026-03-06T21:00:00
1011,529,25,submitted,2026-03-06T21:00:00
1012,529,26,submitted,2026-03-03T21:00:00
1013,529,27,submitted,2026-03-03T21:00:00
1014,529,28,submitted,2026-03-03T21:00:00
1015,529,29,late,2026-03-10T23:00:00
1016,529,30,submitted,2026-03-06T21:00:00
1017,529,31,submitted,2026-03-05T21:00:00
1018,529,32,submitted,2026-03-05T21:00:00
1019,532,23,submitted,2026-03-04T21:00:00
1020,532,24,submitted,2026-03-06T21:00:00
1021,532,25,submitted,2026-03-06T21:00:00
1022,532,26,submitted,2026-03-06T21:00:00
1023,532,27,late,2026-03-09T23:00:00
1024,532,28,late,2026-03-08T23:00:00
1025,532,29,missing,
1026,532,30,submitted,2026-03-03T21:00:00
1027,532,31,submitted,2026-03-04T21:00:00
1028,532,32,missing,
1029,535,23,submitted,2026-03-03T21:00:00
1030,535,24,submitted,2026-03-05T21:00:00
1031,535,25,submitted,2026-03-02T21:00:00
1032,535,26,submitted,2026-03-02T21:00:00
1033,535,27,missing,
1034,535,28,submitted,2026-03-03T21:00:00
1035,535,29,submitted,2026-03-04T21:00:00
1036,535,30,submitted,2026-03-04T21:00:00
1037,535,31,submitted,2026-03-04T21:00:00
1038,535,32,submitted,2026-03-03T21:00:00
1039,544,33,submitted,2026-03-01T21:00:00
1040,544,34,submitted,2026-03-01T21:00:00
1041,544,35,submitted,2026-03-02T21:00:00
1042,544,36,submitted,2026-03-01T21:00:00
1043,544,37,submitted,2026-03-01T21:00:00
1044,544,38,submitted,2026-02-28T21:00:00
1045,547,33,submitted,2026-03-02T21:00:00
1046,547,34,missing,
1047,547,35,submitted,2026-03-03T21:00:00
1048,547,36,submitted,2026-03-03T21:00:00
1049,547,37,submitted,2026-03-04T21:00:00
1050,547,38,missing,
1051,550,33,late,2026-03-08T23:00:00
1052,550,34,submitted,2026-03-03T21:00:00
1053,550,35,submitted,2026-03-02T21:00:00
1054,550,36,submitted,2026-03-04T21:00:00
1055,550,37,missing,
1056,550,38,submitted,2026-03-04T21:00:00
1057,559,33,submitted,2026-03-06T21:00:00
1058,559,34,submitted,2026-03-06T21:00:00
1059,559,35,submitted,2026-03-03T21:00:00
1060,559,36,submitted,2026-03-03T21:00:00
1061,559,37,submitted,2026-03-05T21:00:00
1062,559,38,submitted,2026-03-05T21:00:00
1063,574,33,submitted,2026-03-02T21:00:00
1064,574,34,late,2026-03-05T23:00:00
1065,574,35,submitted,2026-03-02T21:00:00
1066,574,36,submitted,2026-03-01T21:00:00
1067,574,37,submitted,2026-03-01T21:00:00
1068,574,38,submitted,2026-02-27T21:00:00
1069,577,33,submitted,2026-03-03T21:00:00
1070,577,34,submitted,2026-03-05T21:00:00
1071,577,35,submitted,2026-03-05T21:00:00
1072,577,36,submitted,2026-03-03T21:00:00
1073,577,37,submitted,2026-03-04T21:00:00
1074,577,38,submitted,2026-03-05T21:00:00
1075,580,33,submitted,2026-03-04T21:00:00
1076,580,34,late,2026-03-09T23:00:00
1077,580,35,submitted,2026-03-04T21:00:00
1078,580,36,submitted,2026-03-03T21:00:00
1079,580,37,submitted,2026-03-02T21:00:00
1080,580,38,submitted,2026-03-05T21:00:00
1081,583,33,submitted,2026-03-02T21:00:00
1082,583,34,submitted,2026-03-04T21:00:00
1083,583,35,submitted,2026-03-02T21:00:00
1084,583,36,submitted,2026-03-01T21:00:00
1085,583,37,submitted,2026-03-04T21:00:00
1086,583,38,submitted,2026-03-04T21:00:00
1087,586,33,submitted,2026-03-04T21:00:00
1088,586,34,submitted,2026-03-06T21:00:00
1089,586,35,late,2026-03-08T23:00:00
1090,586,36,submitted,2026-03-04T21:00:00
1091,586,37,submitted,2026-03-06T21:00:00
1092,586,38,submitted,2026-03-03T21:00:00
1093,595,39,submitted,2026-03-01T21:00:00
1094,595,40,submitted,2026-03-02T21:00:00
1095,595,41,submitted,2026-03-03T21:00:00
1096,595,42,late,2026-03-06T23:00:00
1097,595,43,submitted,2026-03-02T21:00:00
1098,595,44,submitted,2026-03-02T21:00:00
1099,598,39,submitted,2026-03-04T21:00:00
1100,598,40,submitted,2026-03-01T21:00:00
1101,598,41,submitted,2026-03-04T21:00:00
1102,598,42,submitted,2026-03-02T21:00:00
1103,598,43,late,2026-03-08T23:00:00
1104,598,44,submitted,2026-03-04T21:00:00
1105,607,39,submitted,2026-03-03T21:00:00
1106,607,40,submitted,2026-03-02T21:00:00
1107,607,41,submitted,2026-03-03T21:00:00
1108,607,42,missing,
1109,607,43,submitted,2026-03-03T21:00:00
1110,607,44,submitted,2026-03-05T21:00:00
1111,616,39,submitted,2026-03-03T21:00:00
1112,616,40,submitted,2026-03-04T21:00:00
1113,616,41,submitted,2026-03-03T21:00:00
1114,616,42,submitted,2026-03-03T21:00:00
1115,616,43,submitted,2026-03-03T21:00:00
1116,616,44,submitted,2026-03-02T21:00:00
1117,625,39,submitted,2026-03-03T21:00:00
1118,625,40,submitted,2026-03-04T21:00:00
1119,625,41,submitted,2026-03-02T21:00:00
1120,625,42,submitted,2026-03-04T21:00:00
1121,625,43,submitted,2026-03-04T21:00:00
1122,625,44,submitted,2026-03-03T21:00:00
1123,628,39,submitted,2026-02-28T21:00:00
1124,628,40,submitted,2026-02-27T21:00:00
1125,628,41,submitted,2026-03-01T21:00:00
1126,628,42,submitted,2026-03-02T21:00:00
1127,628,43,submitted,2026-03-01T21:00:00
1128,628,44,submitted,2026-03-02T21:00:00
1129,631,39,submitted,2026-03-06T21:00:00
1130,631,40,submitted,2026-03-05T21:00:00
1131,631,41,submitted,2026-03-05T21:00:00
1132,631,42,missing,
1133,631,43,submitted,2026-03-04T21:00:00
1134,631,44,submitted,2026-03-04T21:00:00
1135,634,39,submitted,2026-02-28T21:00:00
1136,634,40,submitted,2026-03-02T21:00:00
1137,634,41,late,2026-03-04T23:00:00
1138,634,42,submitted,2026-02-28T21:00:00
1139,634,43,submitted,2026-03-01T21:00:00
1140,634,44,submitted,2026-02-28T21:00:00
1141,637,39,late,2026-03-08T23:00:00
1142,637,40,submitted,2026-03-04T21:00:00
1143,637,41,submitted,2026-03-06T21:00:00
1144,637,42,submitted,2026-03-04T21:00:00
1145,637,43,submitted,2026-03-04T21:00:00
1146,637,44,submitted,2026-03-04T21:00:00
1147,640,39,submitted,2026-03-05T21:00:00
1148,640,40,submitted,2026-03-03T21:00:00
1149,640,41,submitted,2026-03-05T21:00:00
1150,640,42,submitted,2026-03-06T21:00:00
1151,640,43,submitted,2026-03-04T21:00:00
1152,640,44,submitted,2026-03-03T21:00:00
1153,643,45,submitted,2026-03-03T21:00:00
1154,643,46,submitted,2026-03-02T21:00:00
1155,643,47,missing,
1156,643,48,submitted,2026-03-02T21:00:00
1157,643,49,submitted,2026-03-01T21:00:00
1158,643,50,submitted,2026-02-28T21:00:00
1159,646,45,submitted,2026-03-02T21:00:00
1160,646,46,submitted,2026-03-02T21:00:00
1161,646,47,submitted,2026-03-05T21:00:00
1162,646,48,submitted,2026-03-04T21:00:00
1163,646,49,submitted,2026-03-02T21:00:00
1164,646,50,submitted,2026-03-04T21:00:00
1165,649,45,submitted,2026-03-02T21:00:00
1166,649,46,submitted,2026-02-27T21:00:00
1167,649,47,submitted,2026-02-28T21:00:00
1168,649,48,submitted,2026-03-02T21:00:00
1169,649,49,submitted,2026-02-28T21:00:00
1170,649,50,submitted,2026-03-01T21:00:00
1171,658,45,submitted,2026-03-04T21:00:00
1172,658,46,submitted,2026-03-06T21:00:00
1173,658,47,submitted,2026-03-03T21:00:00
1174,658,48,missing,
1175,658,49,submitted,2026-03-06T21:00:00
1176,658,50,submitted,2026-03-03T21:00:00
1177,673,45,submitted,2026-03-04T21:00:00
1178,673,46,submitted,2026-03-05T21:00:00
1179,673,47,late,2026-03-10T23:00:00
1180,673,48,submitted,2026-03-06T21:00:00
1181,673,49,submitted,2026-03-03T21:00:00
1182,673,50,submitted,2026-03-04T21:00:00
1183,676,45,submitted,2026-03-02T21:00:00
1184,676,46,late,2026-03-07T23:00:00
1185,676,47,submitted,2026-03-01T21:00:00
1186,676,48,submitted,2026-03-02T21:00:00
1187,676,49,submitted,2026-03-01T21:00:00
1188,676,50,submitted,2026-03-01T21:00:00
1189,679,45,submitted,2026-02-27T21:00:00
1190,679,46,submitted,2026-02-27T21:00:00
1191,679,47,submitted,2026-03-02T21:00:00
1192,679,48,submitted,2026-03-02T21:00:00
1193,679,49,submitted,2026-02-27T21:00:00
1194,679,50,late,2026-03-04T23:00:00
1195,682,45,submitted,2026-03-01T21:00:00
1196,682,46,submitted,2026-03-02T21:00:00
1197,682,47,submitted,2026-03-03T21:00:00
1198,682,48,submitted,2026-03-03T21:00:00
1199,682,49,submitted,2026-02-28T21:00:00
1200,682,50,submitted,2026-03-03T21:00:00
1201,685,45,submitted,2026-02-27T21:00:00
1202,685,46,submitted,2026-02-28T21:00:00
1203,685,47,submitted,2026-02-27T21:00:00
1204,685,48,submitted,2026-02-28T21:00:00
1205,685,49,submitted,2026-03-02T21:00:00
1206,685,50,submitted,2026-03-01T21:00:00
1207,694,51,submitted,2026-03-02T21:00:00
1208,694,52,late,2026-03-05T23:00:00
1209,694,53,submitted,2026-02-27T21:00:00
1210,694,54,late,2026-03-06T23:00:00
1211,694,55,submitted,2026-02-28T21:00:00
1212,694,56,submitted,2026-03-02T21:00:00
1213,697,51,submitted,2026-03-03T21:00:00
1214,697,52,submitted,2026-03-01T21:00:00
1215,697,53,submitted,2026-03-02T21:00:00
1216,697,54,missing,
1217,697,55,submitted,2026-02-28T21:00:00
1218,697,56,submitted,2026-02-28T21:00:00
1219,700,51,missing,
1220,700,52,submitted,2026-03-01T21:00:00
1221,700,53,missing,
1222,700,54,submitted,2026-02-28T21:00:00
1223,700,55,submitted,2026-02-28T21:00:00
1224,700,56,submitted,2026-02-27T21:00:00
1225,709,51,submitted,2026-03-05T21:00:00
1226,709,52,submitted,2026-03-05T21:00:00
1227,709,53,submitted,2026-03-04T21:00:00
1228,709,54,submitted,2026-03-04T21:00:00
1229,709,55,submitted,2026-03-02T21:00:00
1230,709,56,late,2026-03-07T23:00:00
1231,730,51,submitted,2026-03-02T21:00:00
1232,730,52,submitted,2026-02-28T21:00:00
1233,730,53,submitted,2026-03-02T21:00:00
1234,730,54,submitted,2026-02-28T21:00:00
1235,730,55,submitted,2026-03-03T21:00:00
1236,730,56,submitted,2026-03-02T21:00:00
1237,733,51,submitted,2026-03-03T21:00:00
1238,733,52,submitted,2026-03-03T21:00:00
1239,733,53,submitted,2026-03-04T21:00:00
1240,733,54,submitted,2026-03-01T21:00:00
1241,733,55,submitted,2026-03-01T21:00:00
1242,733,56,missing,
1243,736,51,submitted,2026-03-04T21:00:00
1244,736,52,submitted,2026-03-02T21:00:00
1245,736,53,late,2026-03-06T23:00:00
1246,736,54,submitted,2026-03-03T21:00:00
1247,736,55,submitted,2026-03-01T21:00:00
1248,736,56,submitted,2026-03-01T21:00:00
